[0m08:40:20.510896 [debug] [MainThread]: Sending event: {'category': 'dbt', 'action': 'invocation', 'label': 'start', 'context': [<snowplow_tracker.self_describing_json.SelfDescribingJson object at 0x10b975e80>, <snowplow_tracker.self_describing_json.SelfDescribingJson object at 0x10d102ad0>, <snowplow_tracker.self_describing_json.SelfDescribingJson object at 0x10d102850>]}


============================== 08:40:20.514169 | 19dc3106-cfc3-41d7-9631-a7c52e25fdb6 ==============================
[0m08:40:20.514169 [info ] [MainThread]: Running with dbt=1.12.3
[0m08:40:20.514450 [debug] [MainThread]: running dbt with arguments {'version_check': 'True', 'write_json': 'True', 'indirect_selection': 'eager', 'log_cache_events': 'False', 'debug': 'False', 'quiet': 'False', 'target_path': 'None', 'send_anonymous_usage_stats': 'True', 'no_print': 'None', 'use_experimental_parser': 'False', 'profiles_dir': '.', 'maximum_seed_size_mib': '1', 'static_parser': 'True', 'warn_error': 'None', 'hints_enabled': 'True', 'use_colors': 'True', 'cache_selected_only': 'False', 'warn_error_options': 'WarnErrorOptionsV2(error=[], warn=[], silence=[])', 'fail_fast': 'False', 'invocation_command': 'dbt debug --profiles-dir .', 'log_path': '/Users/guilhermemiguel/Documents/Projetos_Treinamento/projeto-dataforge/dbt_dataforge/logs', 'introspect': 'True', 'printer_width': '80', 'partial_parse': 'True', 'log_format': 'default', 'empty': 'None'}
[0m08:40:20.553668 [info ] [MainThread]: dbt version: 1.12.3
[0m08:40:20.553864 [info ] [MainThread]: python version: 3.14.7
[0m08:40:20.553984 [info ] [MainThread]: python path: /Users/guilhermemiguel/Documents/Projetos_Treinamento/projeto-dataforge/.venv/bin/python
[0m08:40:20.554096 [info ] [MainThread]: os info: macOS-26.6.2-arm64-arm-64bit-Mach-O
[0m08:40:20.609231 [info ] [MainThread]: Using profiles dir at .
[0m08:40:20.609463 [info ] [MainThread]: Using profiles.yml file at ./profiles.yml
[0m08:40:20.609589 [info ] [MainThread]: Using dbt_project.yml file at /Users/guilhermemiguel/Documents/Projetos_Treinamento/projeto-dataforge/dbt_dataforge/dbt_project.yml
[0m08:40:20.610127 [info ] [MainThread]: adapter type: postgres
[0m08:40:20.610286 [info ] [MainThread]: adapter version: 1.11.0
[0m08:40:20.659389 [info ] [MainThread]: Configuration:
[0m08:40:20.659628 [info ] [MainThread]:   profiles.yml file [[32mOK found and valid[0m]
[0m08:40:20.659756 [info ] [MainThread]:   dbt_project.yml file [[32mOK found and valid[0m]
[0m08:40:20.659877 [info ] [MainThread]: Required dependencies:
[0m08:40:20.660100 [debug] [MainThread]: Executing "git --help"
[0m08:40:20.676994 [debug] [MainThread]: STDOUT: "b"usage: git [-v | --version] [-h | --help] [-C <path>] [-c <name>=<value>]\n           [--exec-path[=<path>]] [--html-path] [--man-path] [--info-path]\n           [-p | --paginate | -P | --no-pager] [--no-replace-objects] [--no-lazy-fetch]\n           [--no-optional-locks] [--no-advice] [--bare] [--git-dir=<path>]\n           [--work-tree=<path>] [--namespace=<name>] [--config-env=<name>=<envvar>]\n           <command> [<args>]\n\nThese are common Git commands used in various situations:\n\nstart a working area (see also: git help tutorial)\n   clone      Clone a repository into a new directory\n   init       Create an empty Git repository or reinitialize an existing one\n\nwork on the current change (see also: git help everyday)\n   add        Add file contents to the index\n   mv         Move or rename a file, a directory, or a symlink\n   restore    Restore working tree files\n   rm         Remove files from the working tree and from the index\n\nexamine the history and state (see also: git help revisions)\n   bisect     Use binary search to find the commit that introduced a bug\n   diff       Show changes between commits, commit and working tree, etc\n   grep       Print lines matching a pattern\n   log        Show commit logs\n   show       Show various types of objects\n   status     Show the working tree status\n\ngrow, mark and tweak your common history\n   backfill   Download missing objects in a partial clone\n   branch     List, create, or delete branches\n   commit     Record changes to the repository\n   merge      Join two or more development histories together\n   rebase     Reapply commits on top of another base tip\n   reset      Reset current HEAD to the specified state\n   switch     Switch branches\n   tag        Create, list, delete or verify a tag object signed with GPG\n\ncollaborate (see also: git help workflows)\n   fetch      Download objects and refs from another repository\n   pull       Fetch from and integrate with another repository or a local branch\n   push       Update remote refs along with associated objects\n\n'git help -a' and 'git help -g' list available subcommands and some\nconcept guides. See 'git help <command>' or 'git help <concept>'\nto read about a specific subcommand or concept.\nSee 'git help git' for an overview of the system.\n""
[0m08:40:20.677548 [debug] [MainThread]: STDERR: "b''"
[0m08:40:20.677699 [info ] [MainThread]:  - git [[32mOK found[0m]

[0m08:40:20.677843 [info ] [MainThread]: Connection:
[0m08:40:20.677981 [info ] [MainThread]:   host: localhost
[0m08:40:20.678094 [info ] [MainThread]:   port: 5433
[0m08:40:20.678207 [info ] [MainThread]:   user: postgres
[0m08:40:20.678313 [info ] [MainThread]:   database: dataforge_dw
[0m08:40:20.678413 [info ] [MainThread]:   schema: gold
[0m08:40:20.678512 [info ] [MainThread]:   connect_timeout: 10
[0m08:40:20.678616 [info ] [MainThread]:   role: None
[0m08:40:20.678714 [info ] [MainThread]:   search_path: None
[0m08:40:20.678815 [info ] [MainThread]:   keepalives_idle: 0
[0m08:40:20.678914 [info ] [MainThread]:   sslmode: None
[0m08:40:20.679014 [info ] [MainThread]:   sslcert: None
[0m08:40:20.679112 [info ] [MainThread]:   sslkey: None
[0m08:40:20.679209 [info ] [MainThread]:   sslrootcert: None
[0m08:40:20.679308 [info ] [MainThread]:   application_name: dbt
[0m08:40:20.679404 [info ] [MainThread]:   autocommit: False
[0m08:40:20.679504 [info ] [MainThread]:   retries: 1
[0m08:40:20.679890 [info ] [MainThread]: Registered adapter: postgres=1.11.0
[0m08:40:20.733936 [debug] [MainThread]: Acquiring new postgres connection 'debug'
[0m08:40:20.769444 [debug] [MainThread]: Using postgres connection "debug"
[0m08:40:20.769631 [debug] [MainThread]: On debug: select 1 as id
[0m08:40:20.769750 [debug] [MainThread]: Opening a new connection, currently in state init
[0m08:40:20.813305 [debug] [MainThread]: SQL status: SELECT 1 in 0.044 seconds
[0m08:40:20.813849 [debug] [MainThread]: On debug: Close
[0m08:40:20.814016 [info ] [MainThread]:   Connection test: [[32mOK connection ok[0m]

[0m08:40:20.814163 [info ] [MainThread]: [32mAll checks passed![0m
[0m08:40:20.817223 [debug] [MainThread]: Resource report: {"command_name": "debug", "command_success": true, "command_wall_clock_time": 0.38526347, "process_in_blocks": "0", "process_kernel_time": 0.257856, "process_mem_max_rss": "159891456", "process_out_blocks": "0", "process_user_time": 1.125745}
[0m08:40:20.817545 [debug] [MainThread]: Command `dbt debug` succeeded at 08:40:20.817487 after 0.39 seconds
[0m08:40:20.817706 [debug] [MainThread]: Connection 'debug' was properly closed.
[0m08:40:20.817868 [debug] [MainThread]: Sending event: {'category': 'dbt', 'action': 'invocation', 'label': 'end', 'context': [<snowplow_tracker.self_describing_json.SelfDescribingJson object at 0x10cf1f820>, <snowplow_tracker.self_describing_json.SelfDescribingJson object at 0x10e041130>, <snowplow_tracker.self_describing_json.SelfDescribingJson object at 0x10da21480>]}
[0m08:40:20.818110 [debug] [MainThread]: Flushing usage events
[0m08:40:21.882851 [debug] [MainThread]: An error was encountered while trying to flush usage events
[0m08:44:50.053370 [debug] [MainThread]: Sending event: {'category': 'dbt', 'action': 'invocation', 'label': 'start', 'context': [<snowplow_tracker.self_describing_json.SelfDescribingJson object at 0x108a71e80>, <snowplow_tracker.self_describing_json.SelfDescribingJson object at 0x10a25a850>, <snowplow_tracker.self_describing_json.SelfDescribingJson object at 0x10a25aad0>]}


============================== 08:44:50.056645 | 514f25c5-3389-4368-9a12-d146c132c8c6 ==============================
[0m08:44:50.056645 [info ] [MainThread]: Running with dbt=1.12.3
[0m08:44:50.057037 [debug] [MainThread]: running dbt with arguments {'static_parser': 'True', 'target_path': 'None', 'profiles_dir': '.', 'invocation_command': 'dbt run --profiles-dir .', 'empty': 'False', 'quiet': 'False', 'no_print': 'None', 'maximum_seed_size_mib': '1', 'use_colors': 'True', 'printer_width': '80', 'warn_error': 'None', 'fail_fast': 'False', 'version_check': 'True', 'introspect': 'True', 'partial_parse': 'True', 'send_anonymous_usage_stats': 'True', 'use_experimental_parser': 'False', 'write_json': 'True', 'indirect_selection': 'eager', 'cache_selected_only': 'False', 'log_cache_events': 'False', 'warn_error_options': 'WarnErrorOptionsV2(error=[], warn=[], silence=[])', 'log_format': 'default', 'log_path': '/Users/guilhermemiguel/Documents/Projetos_Treinamento/projeto-dataforge/dbt_dataforge/logs', 'debug': 'False', 'hints_enabled': 'True'}
[0m08:44:50.169943 [debug] [MainThread]: Sending event: {'category': 'dbt', 'action': 'project_id', 'label': '514f25c5-3389-4368-9a12-d146c132c8c6', 'context': [<snowplow_tracker.self_describing_json.SelfDescribingJson object at 0x10a1da8b0>]}
[0m08:44:50.200779 [debug] [MainThread]: Sending event: {'category': 'dbt', 'action': 'adapter_info', 'label': '514f25c5-3389-4368-9a12-d146c132c8c6', 'context': [<snowplow_tracker.self_describing_json.SelfDescribingJson object at 0x10941b9b0>]}
[0m08:44:50.201546 [info ] [MainThread]: Registered adapter: postgres=1.11.0
[0m08:44:50.259129 [debug] [MainThread]: checksum: cde570ccdd9444cf5232fa71678728c598e2e34096a2d1a5ad46a5d547f48a01, vars: {}, profile: dbt_dataforge, target: dev, version: 1.12.3
[0m08:44:50.259586 [info ] [MainThread]: Unable to do partial parsing because saved manifest not found. Starting full parse.
[0m08:44:50.259780 [debug] [MainThread]: Sending event: {'category': 'dbt', 'action': 'partial_parser', 'label': '514f25c5-3389-4368-9a12-d146c132c8c6', 'context': [<snowplow_tracker.self_describing_json.SelfDescribingJson object at 0x10a2ceb50>]}
[0m08:44:50.767644 [warn ] [MainThread]: [[33mWARNING[0m]: Configuration paths exist in your dbt_project.yml file which do not apply to any resources.
There are 1 unused configuration paths:
- models.dbt_dataforge.marts
[0m08:44:50.769497 [debug] [MainThread]: Sending event: {'category': 'dbt', 'action': 'load_project', 'label': '514f25c5-3389-4368-9a12-d146c132c8c6', 'context': [<snowplow_tracker.self_describing_json.SelfDescribingJson object at 0x10b160e60>]}
[0m08:44:50.811824 [debug] [MainThread]: Wrote artifact WritableManifest to /Users/guilhermemiguel/Documents/Projetos_Treinamento/projeto-dataforge/dbt_dataforge/target/manifest.json
[0m08:44:50.814008 [debug] [MainThread]: Wrote artifact SemanticManifest to /Users/guilhermemiguel/Documents/Projetos_Treinamento/projeto-dataforge/dbt_dataforge/target/semantic_manifest.json
[0m08:44:50.842265 [debug] [MainThread]: Wrote artifact OsiDocument to /Users/guilhermemiguel/Documents/Projetos_Treinamento/projeto-dataforge/dbt_dataforge/target/osi_document.json
[0m08:44:50.858707 [debug] [MainThread]: Sending event: {'category': 'dbt', 'action': 'resource_counts', 'label': '514f25c5-3389-4368-9a12-d146c132c8c6', 'context': [<snowplow_tracker.self_describing_json.SelfDescribingJson object at 0x10b8d1010>]}
[0m08:44:50.858936 [info ] [MainThread]: Found 1 model, 2 sources, 477 macros
[0m08:44:50.859092 [debug] [MainThread]: Sending event: {'category': 'dbt', 'action': 'runnable_timing', 'label': '514f25c5-3389-4368-9a12-d146c132c8c6', 'context': [<snowplow_tracker.self_describing_json.SelfDescribingJson object at 0x10b440ae0>]}
[0m08:44:50.859893 [warn ] [MainThread]: [[33mWARNING[0m]: Nothing to do. Try checking your model configs and model specification args
[0m08:44:50.860170 [debug] [MainThread]: Command end result
[0m08:44:50.875270 [debug] [MainThread]: Wrote artifact WritableManifest to /Users/guilhermemiguel/Documents/Projetos_Treinamento/projeto-dataforge/dbt_dataforge/target/manifest.json
[0m08:44:50.876670 [debug] [MainThread]: Wrote artifact SemanticManifest to /Users/guilhermemiguel/Documents/Projetos_Treinamento/projeto-dataforge/dbt_dataforge/target/semantic_manifest.json
[0m08:44:50.877935 [debug] [MainThread]: Wrote artifact OsiDocument to /Users/guilhermemiguel/Documents/Projetos_Treinamento/projeto-dataforge/dbt_dataforge/target/osi_document.json
[0m08:44:50.879468 [debug] [MainThread]: Wrote artifact RunExecutionResult to /Users/guilhermemiguel/Documents/Projetos_Treinamento/projeto-dataforge/dbt_dataforge/target/run_results.json
[0m08:44:50.882420 [debug] [MainThread]: Resource report: {"command_name": "run", "command_success": true, "command_wall_clock_time": 0.878988, "process_in_blocks": "0", "process_kernel_time": 0.259802, "process_mem_max_rss": "153305088", "process_out_blocks": "0", "process_user_time": 1.667918}
[0m08:44:50.882633 [debug] [MainThread]: Command `dbt run` succeeded at 08:44:50.882595 after 0.88 seconds
[0m08:44:50.882802 [debug] [MainThread]: Sending event: {'category': 'dbt', 'action': 'invocation', 'label': 'end', 'context': [<snowplow_tracker.self_describing_json.SelfDescribingJson object at 0x10b7c13d0>, <snowplow_tracker.self_describing_json.SelfDescribingJson object at 0x10b8bedb0>, <snowplow_tracker.self_describing_json.SelfDescribingJson object at 0x10b8be990>]}
[0m08:44:50.882944 [debug] [MainThread]: Flushing usage events
[0m08:44:51.413001 [debug] [MainThread]: An error was encountered while trying to flush usage events
[0m08:51:10.172833 [debug] [MainThread]: Sending event: {'category': 'dbt', 'action': 'invocation', 'label': 'start', 'context': [<snowplow_tracker.self_describing_json.SelfDescribingJson object at 0x10d355e80>, <snowplow_tracker.self_describing_json.SelfDescribingJson object at 0x10eb3e850>, <snowplow_tracker.self_describing_json.SelfDescribingJson object at 0x10eb3ead0>]}


============================== 08:51:10.176059 | 06a5e406-4398-49d4-947d-9031d313b8f0 ==============================
[0m08:51:10.176059 [info ] [MainThread]: Running with dbt=1.12.3
[0m08:51:10.176668 [debug] [MainThread]: running dbt with arguments {'write_json': 'True', 'invocation_command': 'dbt run --profiles-dir .', 'use_colors': 'True', 'use_experimental_parser': 'False', 'warn_error': 'None', 'profiles_dir': '.', 'no_print': 'None', 'partial_parse': 'True', 'version_check': 'True', 'send_anonymous_usage_stats': 'True', 'log_path': '/Users/guilhermemiguel/Documents/Projetos_Treinamento/projeto-dataforge/dbt_dataforge/logs', 'empty': 'False', 'quiet': 'False', 'log_format': 'default', 'debug': 'False', 'static_parser': 'True', 'indirect_selection': 'eager', 'hints_enabled': 'True', 'maximum_seed_size_mib': '1', 'cache_selected_only': 'False', 'printer_width': '80', 'log_cache_events': 'False', 'fail_fast': 'False', 'warn_error_options': 'WarnErrorOptionsV2(error=[], warn=[], silence=[])', 'target_path': 'None', 'introspect': 'True'}
[0m08:51:10.290087 [debug] [MainThread]: Sending event: {'category': 'dbt', 'action': 'project_id', 'label': '06a5e406-4398-49d4-947d-9031d313b8f0', 'context': [<snowplow_tracker.self_describing_json.SelfDescribingJson object at 0x10eabe8b0>]}
[0m08:51:10.320925 [debug] [MainThread]: Sending event: {'category': 'dbt', 'action': 'adapter_info', 'label': '06a5e406-4398-49d4-947d-9031d313b8f0', 'context': [<snowplow_tracker.self_describing_json.SelfDescribingJson object at 0x10dcfb9b0>]}
[0m08:51:10.321686 [info ] [MainThread]: Registered adapter: postgres=1.11.0
[0m08:51:10.389387 [debug] [MainThread]: checksum: cde570ccdd9444cf5232fa71678728c598e2e34096a2d1a5ad46a5d547f48a01, vars: {}, profile: dbt_dataforge, target: dev, version: 1.12.3
[0m08:51:10.485746 [debug] [MainThread]: Partial parsing enabled: 0 files deleted, 0 files added, 0 files changed.
[0m08:51:10.486046 [debug] [MainThread]: Nothing changed, skipping partial parsing.
[0m08:51:10.486190 [debug] [MainThread]: Partial parsing enabled, no changes found, skipping parsing
[0m08:51:10.489571 [warn ] [MainThread]: [[33mWARNING[0m]: Configuration paths exist in your dbt_project.yml file which do not apply to any resources.
There are 1 unused configuration paths:
- models.dbt_dataforge.marts
[0m08:51:10.491950 [debug] [MainThread]: Sending event: {'category': 'dbt', 'action': 'load_project', 'label': '06a5e406-4398-49d4-947d-9031d313b8f0', 'context': [<snowplow_tracker.self_describing_json.SelfDescribingJson object at 0x10fb7ec50>]}
[0m08:51:10.554943 [debug] [MainThread]: Wrote artifact WritableManifest to /Users/guilhermemiguel/Documents/Projetos_Treinamento/projeto-dataforge/dbt_dataforge/target/manifest.json
[0m08:51:10.556968 [debug] [MainThread]: Wrote artifact SemanticManifest to /Users/guilhermemiguel/Documents/Projetos_Treinamento/projeto-dataforge/dbt_dataforge/target/semantic_manifest.json
[0m08:51:10.573561 [debug] [MainThread]: Wrote artifact OsiDocument to /Users/guilhermemiguel/Documents/Projetos_Treinamento/projeto-dataforge/dbt_dataforge/target/osi_document.json
[0m08:51:10.579782 [debug] [MainThread]: Sending event: {'category': 'dbt', 'action': 'resource_counts', 'label': '06a5e406-4398-49d4-947d-9031d313b8f0', 'context': [<snowplow_tracker.self_describing_json.SelfDescribingJson object at 0x10fe00230>]}
[0m08:51:10.580017 [info ] [MainThread]: Found 1 model, 2 sources, 477 macros
[0m08:51:10.580172 [debug] [MainThread]: Sending event: {'category': 'dbt', 'action': 'runnable_timing', 'label': '06a5e406-4398-49d4-947d-9031d313b8f0', 'context': [<snowplow_tracker.self_describing_json.SelfDescribingJson object at 0x10fdda7b0>]}
[0m08:51:10.581138 [warn ] [MainThread]: [[33mWARNING[0m]: Nothing to do. Try checking your model configs and model specification args
[0m08:51:10.582351 [debug] [MainThread]: Command end result
[0m08:51:10.598493 [debug] [MainThread]: Wrote artifact WritableManifest to /Users/guilhermemiguel/Documents/Projetos_Treinamento/projeto-dataforge/dbt_dataforge/target/manifest.json
[0m08:51:10.600203 [debug] [MainThread]: Wrote artifact SemanticManifest to /Users/guilhermemiguel/Documents/Projetos_Treinamento/projeto-dataforge/dbt_dataforge/target/semantic_manifest.json
[0m08:51:10.601563 [debug] [MainThread]: Wrote artifact OsiDocument to /Users/guilhermemiguel/Documents/Projetos_Treinamento/projeto-dataforge/dbt_dataforge/target/osi_document.json
[0m08:51:10.603331 [debug] [MainThread]: Wrote artifact RunExecutionResult to /Users/guilhermemiguel/Documents/Projetos_Treinamento/projeto-dataforge/dbt_dataforge/target/run_results.json
[0m08:51:10.606451 [debug] [MainThread]: Resource report: {"command_name": "run", "command_success": true, "command_wall_clock_time": 0.4823554, "process_in_blocks": "0", "process_kernel_time": 0.262054, "process_mem_max_rss": "146407424", "process_out_blocks": "0", "process_user_time": 1.315027}
[0m08:51:10.606689 [debug] [MainThread]: Command `dbt run` succeeded at 08:51:10.606645 after 0.48 seconds
[0m08:51:10.606882 [debug] [MainThread]: Sending event: {'category': 'dbt', 'action': 'invocation', 'label': 'end', 'context': [<snowplow_tracker.self_describing_json.SelfDescribingJson object at 0x10eaf5300>, <snowplow_tracker.self_describing_json.SelfDescribingJson object at 0x10fdc0c50>, <snowplow_tracker.self_describing_json.SelfDescribingJson object at 0x10fdc0d10>]}
[0m08:51:10.607053 [debug] [MainThread]: Flushing usage events
[0m08:51:11.253332 [debug] [MainThread]: An error was encountered while trying to flush usage events
[0m08:53:18.822076 [debug] [MainThread]: Sending event: {'category': 'dbt', 'action': 'invocation', 'label': 'start', 'context': [<snowplow_tracker.self_describing_json.SelfDescribingJson object at 0x10cb51e80>, <snowplow_tracker.self_describing_json.SelfDescribingJson object at 0x10e336ad0>, <snowplow_tracker.self_describing_json.SelfDescribingJson object at 0x10e336850>]}


============================== 08:53:18.825240 | 7609e7ac-2a78-4f47-9f18-02ac6eb356a4 ==============================
[0m08:53:18.825240 [info ] [MainThread]: Running with dbt=1.12.3
[0m08:53:18.825727 [debug] [MainThread]: running dbt with arguments {'write_json': 'True', 'quiet': 'False', 'profiles_dir': '.', 'version_check': 'True', 'log_format': 'default', 'indirect_selection': 'eager', 'target_path': 'None', 'fail_fast': 'False', 'log_path': '/Users/guilhermemiguel/Documents/Projetos_Treinamento/projeto-dataforge/dbt_dataforge/logs', 'log_cache_events': 'False', 'warn_error_options': 'WarnErrorOptionsV2(error=[], warn=[], silence=[])', 'warn_error': 'None', 'printer_width': '80', 'maximum_seed_size_mib': '1', 'empty': 'False', 'debug': 'False', 'invocation_command': 'dbt run --profiles-dir .', 'send_anonymous_usage_stats': 'True', 'use_experimental_parser': 'False', 'introspect': 'True', 'no_print': 'None', 'static_parser': 'True', 'use_colors': 'True', 'hints_enabled': 'True', 'cache_selected_only': 'False', 'partial_parse': 'True'}
[0m08:53:18.935255 [debug] [MainThread]: Sending event: {'category': 'dbt', 'action': 'project_id', 'label': '7609e7ac-2a78-4f47-9f18-02ac6eb356a4', 'context': [<snowplow_tracker.self_describing_json.SelfDescribingJson object at 0x10e2b68b0>]}
[0m08:53:18.965497 [debug] [MainThread]: Sending event: {'category': 'dbt', 'action': 'adapter_info', 'label': '7609e7ac-2a78-4f47-9f18-02ac6eb356a4', 'context': [<snowplow_tracker.self_describing_json.SelfDescribingJson object at 0x10d4fb9b0>]}
[0m08:53:18.966158 [info ] [MainThread]: Registered adapter: postgres=1.11.0
[0m08:53:19.021426 [debug] [MainThread]: checksum: cde570ccdd9444cf5232fa71678728c598e2e34096a2d1a5ad46a5d547f48a01, vars: {}, profile: dbt_dataforge, target: dev, version: 1.12.3
[0m08:53:19.098687 [debug] [MainThread]: Partial parsing enabled: 0 files deleted, 1 files added, 1 files changed.
[0m08:53:19.099006 [debug] [MainThread]: Partial parsing: added file: dbt_dataforge://models/staging/stg_customers.sql
[0m08:53:19.099186 [debug] [MainThread]: Partial parsing: updated file: dbt_dataforge://models/staging/stg_field_orders.sql
[0m08:53:19.263505 [warn ] [MainThread]: [[33mWARNING[0m]: Configuration paths exist in your dbt_project.yml file which do not apply to any resources.
There are 1 unused configuration paths:
- models.dbt_dataforge.marts
[0m08:53:19.269091 [debug] [MainThread]: Sending event: {'category': 'dbt', 'action': 'load_project', 'label': '7609e7ac-2a78-4f47-9f18-02ac6eb356a4', 'context': [<snowplow_tracker.self_describing_json.SelfDescribingJson object at 0x10f422f50>]}
[0m08:53:19.316210 [debug] [MainThread]: Wrote artifact WritableManifest to /Users/guilhermemiguel/Documents/Projetos_Treinamento/projeto-dataforge/dbt_dataforge/target/manifest.json
[0m08:53:19.318829 [debug] [MainThread]: Wrote artifact SemanticManifest to /Users/guilhermemiguel/Documents/Projetos_Treinamento/projeto-dataforge/dbt_dataforge/target/semantic_manifest.json
[0m08:53:19.330791 [debug] [MainThread]: Wrote artifact OsiDocument to /Users/guilhermemiguel/Documents/Projetos_Treinamento/projeto-dataforge/dbt_dataforge/target/osi_document.json
[0m08:53:19.336799 [debug] [MainThread]: Sending event: {'category': 'dbt', 'action': 'resource_counts', 'label': '7609e7ac-2a78-4f47-9f18-02ac6eb356a4', 'context': [<snowplow_tracker.self_describing_json.SelfDescribingJson object at 0x10f85b3e0>]}
[0m08:53:19.337018 [info ] [MainThread]: Found 2 models, 2 sources, 477 macros
[0m08:53:19.337153 [debug] [MainThread]: Sending event: {'category': 'dbt', 'action': 'runnable_timing', 'label': '7609e7ac-2a78-4f47-9f18-02ac6eb356a4', 'context': [<snowplow_tracker.self_describing_json.SelfDescribingJson object at 0x10f894670>]}
[0m08:53:19.338140 [info ] [MainThread]: 
[0m08:53:19.338329 [info ] [MainThread]: Concurrency: 4 threads (target='dev')
[0m08:53:19.338452 [info ] [MainThread]: 
[0m08:53:19.338742 [debug] [MainThread]: Acquiring new postgres connection 'master'
[0m08:53:19.344091 [debug] [ThreadPool]: Acquiring new postgres connection 'list_dataforge_dw'
[0m08:53:19.374456 [debug] [ThreadPool]: Using postgres connection "list_dataforge_dw"
[0m08:53:19.374655 [debug] [ThreadPool]: On list_dataforge_dw: /* {"app": "dbt", "dbt_version": "1.12.3", "profile_name": "dbt_dataforge", "target_name": "dev", "connection_name": "list_dataforge_dw"} */

    select distinct nspname from pg_namespace
  
[0m08:53:19.374808 [debug] [ThreadPool]: Opening a new connection, currently in state init
[0m08:53:19.423922 [debug] [ThreadPool]: SQL status: SELECT 5 in 0.049 seconds
[0m08:53:19.424700 [debug] [ThreadPool]: On list_dataforge_dw: Close
[0m08:53:19.425097 [debug] [ThreadPool]: Re-using an available connection from the pool (formerly list_dataforge_dw, now create_dataforge_dw_gold)
[0m08:53:19.425363 [debug] [ThreadPool]: Creating schema "database: "dataforge_dw"
schema: "gold"
"
[0m08:53:19.427701 [debug] [ThreadPool]: Using postgres connection "create_dataforge_dw_gold"
[0m08:53:19.427864 [debug] [ThreadPool]: On create_dataforge_dw_gold: /* {"app": "dbt", "dbt_version": "1.12.3", "profile_name": "dbt_dataforge", "target_name": "dev", "connection_name": "create_dataforge_dw_gold"} */
create schema if not exists "gold"
[0m08:53:19.427989 [debug] [ThreadPool]: Opening a new connection, currently in state closed
[0m08:53:19.436228 [debug] [ThreadPool]: SQL status: CREATE SCHEMA in 0.008 seconds
[0m08:53:19.436692 [debug] [ThreadPool]: On create_dataforge_dw_gold: COMMIT
[0m08:53:19.436820 [debug] [ThreadPool]: Using postgres connection "create_dataforge_dw_gold"
[0m08:53:19.436928 [debug] [ThreadPool]: On create_dataforge_dw_gold: COMMIT
[0m08:53:19.441593 [debug] [ThreadPool]: SQL status: COMMIT in 0.005 seconds
[0m08:53:19.441716 [debug] [ThreadPool]: On create_dataforge_dw_gold: Close
[0m08:53:19.442887 [debug] [ThreadPool]: Re-using an available connection from the pool (formerly create_dataforge_dw_gold, now list_dataforge_dw_gold)
[0m08:53:19.445471 [debug] [ThreadPool]: Using postgres connection "list_dataforge_dw_gold"
[0m08:53:19.445639 [debug] [ThreadPool]: On list_dataforge_dw_gold: /* {"app": "dbt", "dbt_version": "1.12.3", "profile_name": "dbt_dataforge", "target_name": "dev", "connection_name": "list_dataforge_dw_gold"} */
select
      'dataforge_dw' as database,
      tablename as name,
      schemaname as schema,
      'table' as type
    from pg_tables
    where schemaname ilike 'gold'
    union all
    select
      'dataforge_dw' as database,
      viewname as name,
      schemaname as schema,
      'view' as type
    from pg_views
    where schemaname ilike 'gold'
    union all
    select
      'dataforge_dw' as database,
      matviewname as name,
      schemaname as schema,
      'materialized_view' as type
    from pg_matviews
    where schemaname ilike 'gold'
    union all
    select distinct
     'dataforge_dw' as database,
     proname as name,
     ns.nspname as schema,
     'function' as type
    from pg_proc
     join pg_namespace as ns on pronamespace = ns.oid
    where ns.nspname ilike 'gold'
  
[0m08:53:19.445775 [debug] [ThreadPool]: Opening a new connection, currently in state closed
[0m08:53:19.455629 [debug] [ThreadPool]: SQL status: SELECT 0 in 0.010 seconds
[0m08:53:19.456272 [debug] [ThreadPool]: On list_dataforge_dw_gold: ROLLBACK
[0m08:53:19.456694 [debug] [ThreadPool]: On list_dataforge_dw_gold: Close
[0m08:53:19.458484 [debug] [MainThread]: Using postgres connection "master"
[0m08:53:19.458720 [debug] [MainThread]: On master: /* {"app": "dbt", "dbt_version": "1.12.3", "profile_name": "dbt_dataforge", "target_name": "dev", "connection_name": "master"} */
select distinct
        dependent_namespace.nspname as dependent_schema,
        dependent_class.relname as dependent_name,
        referenced_namespace.nspname as referenced_schema,
        referenced_class.relname as referenced_name

    -- Query for views: views are entries in pg_class with an entry in pg_rewrite, but we avoid
    -- a seq scan on pg_rewrite by leveraging the fact there is an "internal" row in pg_depend for
    -- the view...
    from pg_class as dependent_class
    join pg_namespace as dependent_namespace on dependent_namespace.oid = dependent_class.relnamespace
    join pg_depend as dependent_depend on dependent_depend.refobjid = dependent_class.oid
        and dependent_depend.classid = 'pg_rewrite'::regclass
        and dependent_depend.refclassid = 'pg_class'::regclass
        and dependent_depend.deptype = 'i'

    -- ... and via pg_depend (that has a row per column, hence the need for "distinct" above, and
    -- making sure to exclude the internal row to avoid a view appearing to depend on itself)...
    join pg_depend as joining_depend on joining_depend.objid = dependent_depend.objid
        and joining_depend.classid = 'pg_rewrite'::regclass
        and joining_depend.refclassid = 'pg_class'::regclass
        and joining_depend.refobjid != dependent_depend.refobjid

    -- ... we can find the tables they query from in pg_class, but excluding system tables. Note we
    -- don't need need to exclude _dependent_ system tables, because they only query from other
    -- system tables, and so are automatically excluded by excluding _referenced_ system tables
    join pg_class as referenced_class on referenced_class.oid = joining_depend.refobjid
    join pg_namespace as referenced_namespace on referenced_namespace.oid = referenced_class.relnamespace
        and referenced_namespace.nspname != 'information_schema'
        and referenced_namespace.nspname not like 'pg\_%'

    order by
        dependent_schema, dependent_name, referenced_schema, referenced_name;
[0m08:53:19.458901 [debug] [MainThread]: Opening a new connection, currently in state init
[0m08:53:19.469375 [debug] [MainThread]: SQL status: SELECT 0 in 0.010 seconds
[0m08:53:19.469867 [debug] [MainThread]: Sending event: {'category': 'dbt', 'action': 'runnable_timing', 'label': '7609e7ac-2a78-4f47-9f18-02ac6eb356a4', 'context': [<snowplow_tracker.self_describing_json.SelfDescribingJson object at 0x10fa1bee0>]}
[0m08:53:19.470074 [debug] [MainThread]: On master: ROLLBACK
[0m08:53:19.470464 [debug] [MainThread]: On master: COMMIT
[0m08:53:19.470585 [debug] [MainThread]: Using postgres connection "master"
[0m08:53:19.470736 [debug] [MainThread]: On master: COMMIT
[0m08:53:19.471270 [debug] [MainThread]: SQL status: COMMIT in 0.000 seconds
[0m08:53:19.471409 [debug] [MainThread]: On master: Close
[0m08:53:19.474456 [debug] [Thread-2 (]: Began running node model.dbt_dataforge.stg_field_orders
[0m08:53:19.474679 [debug] [Thread-1 (]: Began running node model.dbt_dataforge.stg_customers
[0m08:53:19.475186 [info ] [Thread-1 (]: 1 of 2 START sql view model gold.stg_customers ................................. [RUN]
[0m08:53:19.475393 [debug] [Thread-1 (]: Re-using an available connection from the pool (formerly list_dataforge_dw_gold, now model.dbt_dataforge.stg_customers)
[0m08:53:19.475545 [debug] [Thread-1 (]: Began compiling node model.dbt_dataforge.stg_customers
[0m08:53:19.479620 [debug] [Thread-1 (]: Writing injected SQL for node "model.dbt_dataforge.stg_customers"
[0m08:53:19.480297 [debug] [Thread-1 (]: Began executing node model.dbt_dataforge.stg_customers
[0m08:53:19.474931 [info ] [Thread-2 (]: 2 of 2 START sql view model gold.stg_field_orders .............................. [RUN]
[0m08:53:19.498433 [debug] [Thread-2 (]: Acquiring new postgres connection 'model.dbt_dataforge.stg_field_orders'
[0m08:53:19.498622 [debug] [Thread-2 (]: Began compiling node model.dbt_dataforge.stg_field_orders
[0m08:53:19.499567 [debug] [Thread-2 (]: Writing injected SQL for node "model.dbt_dataforge.stg_field_orders"
[0m08:53:19.498142 [debug] [Thread-1 (]: Writing runtime sql for node "model.dbt_dataforge.stg_customers"
[0m08:53:19.500009 [debug] [Thread-2 (]: Began executing node model.dbt_dataforge.stg_field_orders
[0m08:53:19.501497 [debug] [Thread-2 (]: Writing runtime sql for node "model.dbt_dataforge.stg_field_orders"
[0m08:53:19.501803 [debug] [Thread-1 (]: Using postgres connection "model.dbt_dataforge.stg_customers"
[0m08:53:19.502136 [debug] [Thread-1 (]: On model.dbt_dataforge.stg_customers: /* {"app": "dbt", "dbt_version": "1.12.3", "profile_name": "dbt_dataforge", "target_name": "dev", "node_id": "model.dbt_dataforge.stg_customers"} */

  create view "dataforge_dw"."gold"."stg_customers__dbt_tmp"
    
    
  as (
    with source_data as (
    select * from "dataforge_dw"."raw_silver"."customers"
)

select
    id as customer_id,
    first_name,
    last_name,
    email,
    age
from source_data
  );
[0m08:53:19.502296 [debug] [Thread-1 (]: Opening a new connection, currently in state closed
[0m08:53:19.501983 [debug] [Thread-2 (]: Using postgres connection "model.dbt_dataforge.stg_field_orders"
[0m08:53:19.502520 [debug] [Thread-2 (]: On model.dbt_dataforge.stg_field_orders: /* {"app": "dbt", "dbt_version": "1.12.3", "profile_name": "dbt_dataforge", "target_name": "dev", "node_id": "model.dbt_dataforge.stg_field_orders"} */

  create view "dataforge_dw"."gold"."stg_field_orders__dbt_tmp"
    
    
  as (
    with source_data as (
    select * from "dataforge_dw"."raw_silver"."field_orders"
)

select
    -- Identificadores e Chaves
    "Nº item da ordem"::text as numero_item_ordem,
    "Contrato"::text as contrato,
    
    -- Formatando ZEROS À ESQUERDA com LPAD!
    LPAD("Instal"::text, 8, '0') as instalacao,
    LPAD("Codigo_Leitor"::text, 4, '0') as codigo_leitor,
    
    -- Dados do Cliente
    "NomeCliente"::text as nome_cliente,
    
    -- Endereço e Localização
    "Rua"::text as rua,
    "Nº da casa"::text as numero_casa,
    "Bairro"::text as bairro,
    "Municipio"::text as municipio,
    "Latitude localiz.geográfica"::numeric(9, 6) as latitude,
    "Longitude localiz.geográfica"::numeric(9, 6) as longitude,
    
    -- Equipamento
    "Registrador"::text as registrador,
    "Nº Poste"::text as numero_poste,
    "Nº Serie"::text as numero_serie,
    
    -- Métricas e Faturamento
    "Val Fat"::numeric(10, 2) as valor_fatura,
    "Hora leit."::time as hora_leitura,
    "FA CT OK"::text as status_fa_ct_ok

from source_data
  );
[0m08:53:19.502691 [debug] [Thread-2 (]: Opening a new connection, currently in state init
[0m08:53:19.510151 [debug] [Thread-2 (]: Postgres adapter: Postgres error: column "Nº item da ordem" does not exist
LINE 13:     "Nº item da ordem"::text as numero_item_ordem,
             ^

[0m08:53:19.510417 [debug] [Thread-2 (]: On model.dbt_dataforge.stg_field_orders: ROLLBACK
[0m08:53:19.510978 [debug] [Thread-2 (]: On model.dbt_dataforge.stg_field_orders: Close
[0m08:53:19.511827 [debug] [Thread-1 (]: SQL status: CREATE VIEW in 0.010 seconds
[0m08:53:19.514572 [debug] [Thread-1 (]: Using postgres connection "model.dbt_dataforge.stg_customers"
[0m08:53:19.514769 [debug] [Thread-1 (]: On model.dbt_dataforge.stg_customers: /* {"app": "dbt", "dbt_version": "1.12.3", "profile_name": "dbt_dataforge", "target_name": "dev", "node_id": "model.dbt_dataforge.stg_customers"} */
alter table "dataforge_dw"."gold"."stg_customers__dbt_tmp" rename to "stg_customers"
[0m08:53:19.515358 [debug] [Thread-1 (]: SQL status: ALTER TABLE in 0.000 seconds
[0m08:53:19.523513 [debug] [Thread-1 (]: On model.dbt_dataforge.stg_customers: COMMIT
[0m08:53:19.523711 [debug] [Thread-1 (]: Using postgres connection "model.dbt_dataforge.stg_customers"
[0m08:53:19.523859 [debug] [Thread-1 (]: On model.dbt_dataforge.stg_customers: COMMIT
[0m08:53:19.524800 [debug] [Thread-1 (]: SQL status: COMMIT in 0.001 seconds
[0m08:53:19.527388 [debug] [Thread-1 (]: Applying DROP to: "dataforge_dw"."gold"."stg_customers__dbt_backup"
[0m08:53:19.529527 [debug] [Thread-1 (]: Using postgres connection "model.dbt_dataforge.stg_customers"
[0m08:53:19.529690 [debug] [Thread-1 (]: On model.dbt_dataforge.stg_customers: /* {"app": "dbt", "dbt_version": "1.12.3", "profile_name": "dbt_dataforge", "target_name": "dev", "node_id": "model.dbt_dataforge.stg_customers"} */
drop view if exists "dataforge_dw"."gold"."stg_customers__dbt_backup" cascade
[0m08:53:19.530256 [debug] [Thread-1 (]: SQL status: DROP VIEW in 0.000 seconds
[0m08:53:19.531398 [debug] [Thread-1 (]: On model.dbt_dataforge.stg_customers: Close
[0m08:53:19.534005 [debug] [Thread-2 (]: Database Error in model stg_field_orders (models/staging/stg_field_orders.sql)
  column "Nº item da ordem" does not exist
  LINE 13:     "Nº item da ordem"::text as numero_item_ordem,
               ^
  compiled code at target/run/dbt_dataforge/models/staging/stg_field_orders.sql
[0m08:53:19.534382 [debug] [Thread-1 (]: Sending event: {'category': 'dbt', 'action': 'run_model', 'label': '7609e7ac-2a78-4f47-9f18-02ac6eb356a4', 'context': [<snowplow_tracker.self_describing_json.SelfDescribingJson object at 0x10f847590>]}
[0m08:53:19.534540 [debug] [Thread-2 (]: Sending event: {'category': 'dbt', 'action': 'run_model', 'label': '7609e7ac-2a78-4f47-9f18-02ac6eb356a4', 'context': [<snowplow_tracker.self_describing_json.SelfDescribingJson object at 0x10ce69e90>]}
[0m08:53:19.534877 [info ] [Thread-1 (]: 1 of 2 OK created sql view model gold.stg_customers ............................ [[32mCREATE VIEW[0m in 0.06s]
[0m08:53:19.535456 [debug] [Thread-1 (]: Finished running node model.dbt_dataforge.stg_customers
[0m08:53:19.535169 [error] [Thread-2 (]: 2 of 2 ERROR creating sql view model gold.stg_field_orders ..................... [[31mERROR[0m in 0.04s]
[0m08:53:19.535769 [debug] [Thread-2 (]: Finished running node model.dbt_dataforge.stg_field_orders
[0m08:53:19.536026 [debug] [Thread-7 (]: Marking all children of 'model.dbt_dataforge.stg_field_orders' to be skipped because of status 'error'.  Reason: Database Error in model stg_field_orders (models/staging/stg_field_orders.sql)
  column "Nº item da ordem" does not exist
  LINE 13:     "Nº item da ordem"::text as numero_item_ordem,
               ^
  compiled code at target/run/dbt_dataforge/models/staging/stg_field_orders.sql.
[0m08:53:19.537073 [debug] [MainThread]: On master: COMMIT
[0m08:53:19.537236 [debug] [MainThread]: Using postgres connection "master"
[0m08:53:19.537409 [debug] [MainThread]: On master: COMMIT
[0m08:53:19.537536 [debug] [MainThread]: Opening a new connection, currently in state closed
[0m08:53:19.549338 [debug] [MainThread]: SQL status: COMMIT in 0.012 seconds
[0m08:53:19.549576 [debug] [MainThread]: On master: Close
[0m08:53:19.549800 [debug] [MainThread]: Connection 'master' was properly closed.
[0m08:53:19.549919 [debug] [MainThread]: Connection 'model.dbt_dataforge.stg_customers' was properly closed.
[0m08:53:19.550018 [debug] [MainThread]: Connection 'model.dbt_dataforge.stg_field_orders' was properly closed.
[0m08:53:19.550167 [info ] [MainThread]: 
[0m08:53:19.550304 [info ] [MainThread]: Finished running 2 view models in 0 hours 0 minutes and 0.21 seconds (0.21s).
[0m08:53:19.550822 [debug] [MainThread]: Command end result
[0m08:53:19.570239 [debug] [MainThread]: Wrote artifact WritableManifest to /Users/guilhermemiguel/Documents/Projetos_Treinamento/projeto-dataforge/dbt_dataforge/target/manifest.json
[0m08:53:19.571879 [debug] [MainThread]: Wrote artifact SemanticManifest to /Users/guilhermemiguel/Documents/Projetos_Treinamento/projeto-dataforge/dbt_dataforge/target/semantic_manifest.json
[0m08:53:19.573244 [debug] [MainThread]: Wrote artifact OsiDocument to /Users/guilhermemiguel/Documents/Projetos_Treinamento/projeto-dataforge/dbt_dataforge/target/osi_document.json
[0m08:53:19.577053 [debug] [MainThread]: Wrote artifact RunExecutionResult to /Users/guilhermemiguel/Documents/Projetos_Treinamento/projeto-dataforge/dbt_dataforge/target/run_results.json
[0m08:53:19.577203 [info ] [MainThread]: 
[0m08:53:19.577368 [info ] [MainThread]: [31mCompleted with 1 error, 0 partial successes, and 0 warnings:[0m
[0m08:53:19.577504 [info ] [MainThread]: 
[0m08:53:19.577658 [error] [MainThread]: [[31mERROR[0m]: in model stg_field_orders (models/staging/stg_field_orders.sql)
[0m08:53:19.577811 [error] [MainThread]:   Database Error in model stg_field_orders (models/staging/stg_field_orders.sql)
  column "Nº item da ordem" does not exist
  LINE 13:     "Nº item da ordem"::text as numero_item_ordem,
               ^
  compiled code at target/run/dbt_dataforge/models/staging/stg_field_orders.sql
[0m08:53:19.577930 [info ] [MainThread]: 
[0m08:53:19.578067 [info ] [MainThread]:   compiled code at target/compiled/dbt_dataforge/models/staging/stg_field_orders.sql
[0m08:53:19.578189 [info ] [MainThread]: 
[0m08:53:19.578335 [info ] [MainThread]: Done. PASS=1 WARN=0 ERROR=1 SKIP=0 NO-OP=0 REUSED=0 TOTAL=2
[0m08:53:19.581566 [debug] [MainThread]: Resource report: {"command_name": "run", "command_success": false, "command_wall_clock_time": 0.8115758, "process_in_blocks": "0", "process_kernel_time": 0.280207, "process_mem_max_rss": "170213376", "process_out_blocks": "0", "process_user_time": 1.530293}
[0m08:53:19.581880 [debug] [MainThread]: Command `dbt run` failed at 08:53:19.581831 after 0.81 seconds
[0m08:53:19.582090 [debug] [MainThread]: Sending event: {'category': 'dbt', 'action': 'invocation', 'label': 'end', 'context': [<snowplow_tracker.self_describing_json.SelfDescribingJson object at 0x10f7ede50>, <snowplow_tracker.self_describing_json.SelfDescribingJson object at 0x10f82af00>, <snowplow_tracker.self_describing_json.SelfDescribingJson object at 0x10f7004d0>]}
[0m08:53:19.582297 [debug] [MainThread]: Flushing usage events
[0m08:53:20.408170 [debug] [MainThread]: An error was encountered while trying to flush usage events
[0m08:54:03.838454 [debug] [MainThread]: Sending event: {'category': 'dbt', 'action': 'invocation', 'label': 'start', 'context': [<snowplow_tracker.self_describing_json.SelfDescribingJson object at 0x109021e80>, <snowplow_tracker.self_describing_json.SelfDescribingJson object at 0x10a80aad0>, <snowplow_tracker.self_describing_json.SelfDescribingJson object at 0x10a80a850>]}


============================== 08:54:03.841614 | 380e5d34-20a9-44ef-8f6c-73ae8b2784af ==============================
[0m08:54:03.841614 [info ] [MainThread]: Running with dbt=1.12.3
[0m08:54:03.841911 [debug] [MainThread]: running dbt with arguments {'quiet': 'False', 'fail_fast': 'False', 'write_json': 'True', 'invocation_command': 'dbt run --profiles-dir .', 'cache_selected_only': 'False', 'warn_error': 'None', 'send_anonymous_usage_stats': 'True', 'use_colors': 'True', 'log_path': '/Users/guilhermemiguel/Documents/Projetos_Treinamento/projeto-dataforge/dbt_dataforge/logs', 'log_cache_events': 'False', 'no_print': 'None', 'empty': 'False', 'debug': 'False', 'printer_width': '80', 'log_format': 'default', 'profiles_dir': '.', 'introspect': 'True', 'version_check': 'True', 'indirect_selection': 'eager', 'partial_parse': 'True', 'static_parser': 'True', 'target_path': 'None', 'hints_enabled': 'True', 'use_experimental_parser': 'False', 'warn_error_options': 'WarnErrorOptionsV2(error=[], warn=[], silence=[])', 'maximum_seed_size_mib': '1'}
[0m08:54:03.951561 [debug] [MainThread]: Sending event: {'category': 'dbt', 'action': 'project_id', 'label': '380e5d34-20a9-44ef-8f6c-73ae8b2784af', 'context': [<snowplow_tracker.self_describing_json.SelfDescribingJson object at 0x10a78a8b0>]}
[0m08:54:03.982072 [debug] [MainThread]: Sending event: {'category': 'dbt', 'action': 'adapter_info', 'label': '380e5d34-20a9-44ef-8f6c-73ae8b2784af', 'context': [<snowplow_tracker.self_describing_json.SelfDescribingJson object at 0x1099c79b0>]}
[0m08:54:03.982778 [info ] [MainThread]: Registered adapter: postgres=1.11.0
[0m08:54:04.042328 [debug] [MainThread]: checksum: cde570ccdd9444cf5232fa71678728c598e2e34096a2d1a5ad46a5d547f48a01, vars: {}, profile: dbt_dataforge, target: dev, version: 1.12.3
[0m08:54:04.117874 [debug] [MainThread]: Partial parsing enabled: 0 files deleted, 0 files added, 1 files changed.
[0m08:54:04.118193 [debug] [MainThread]: Partial parsing: updated file: dbt_dataforge://models/staging/stg_field_orders.sql
[0m08:54:04.252843 [warn ] [MainThread]: [[33mWARNING[0m]: Configuration paths exist in your dbt_project.yml file which do not apply to any resources.
There are 1 unused configuration paths:
- models.dbt_dataforge.marts
[0m08:54:04.255059 [debug] [MainThread]: Sending event: {'category': 'dbt', 'action': 'load_project', 'label': '380e5d34-20a9-44ef-8f6c-73ae8b2784af', 'context': [<snowplow_tracker.self_describing_json.SelfDescribingJson object at 0x10b8f5a50>]}
[0m08:54:04.300103 [debug] [MainThread]: Wrote artifact WritableManifest to /Users/guilhermemiguel/Documents/Projetos_Treinamento/projeto-dataforge/dbt_dataforge/target/manifest.json
[0m08:54:04.302205 [debug] [MainThread]: Wrote artifact SemanticManifest to /Users/guilhermemiguel/Documents/Projetos_Treinamento/projeto-dataforge/dbt_dataforge/target/semantic_manifest.json
[0m08:54:04.313103 [debug] [MainThread]: Wrote artifact OsiDocument to /Users/guilhermemiguel/Documents/Projetos_Treinamento/projeto-dataforge/dbt_dataforge/target/osi_document.json
[0m08:54:04.321422 [debug] [MainThread]: Sending event: {'category': 'dbt', 'action': 'resource_counts', 'label': '380e5d34-20a9-44ef-8f6c-73ae8b2784af', 'context': [<snowplow_tracker.self_describing_json.SelfDescribingJson object at 0x10bcff4d0>]}
[0m08:54:04.321651 [info ] [MainThread]: Found 2 models, 2 sources, 477 macros
[0m08:54:04.321790 [debug] [MainThread]: Sending event: {'category': 'dbt', 'action': 'runnable_timing', 'label': '380e5d34-20a9-44ef-8f6c-73ae8b2784af', 'context': [<snowplow_tracker.self_describing_json.SelfDescribingJson object at 0x10bd50590>]}
[0m08:54:04.322897 [info ] [MainThread]: 
[0m08:54:04.323108 [info ] [MainThread]: Concurrency: 4 threads (target='dev')
[0m08:54:04.323236 [info ] [MainThread]: 
[0m08:54:04.323549 [debug] [MainThread]: Acquiring new postgres connection 'master'
[0m08:54:04.325806 [debug] [ThreadPool]: Acquiring new postgres connection 'list_dataforge_dw'
[0m08:54:04.356194 [debug] [ThreadPool]: Using postgres connection "list_dataforge_dw"
[0m08:54:04.356403 [debug] [ThreadPool]: On list_dataforge_dw: /* {"app": "dbt", "dbt_version": "1.12.3", "profile_name": "dbt_dataforge", "target_name": "dev", "connection_name": "list_dataforge_dw"} */

    select distinct nspname from pg_namespace
  
[0m08:54:04.356533 [debug] [ThreadPool]: Opening a new connection, currently in state init
[0m08:54:04.402646 [debug] [ThreadPool]: SQL status: SELECT 6 in 0.046 seconds
[0m08:54:04.403352 [debug] [ThreadPool]: On list_dataforge_dw: Close
[0m08:54:04.404033 [debug] [ThreadPool]: Re-using an available connection from the pool (formerly list_dataforge_dw, now list_dataforge_dw_gold)
[0m08:54:04.406880 [debug] [ThreadPool]: Using postgres connection "list_dataforge_dw_gold"
[0m08:54:04.407048 [debug] [ThreadPool]: On list_dataforge_dw_gold: /* {"app": "dbt", "dbt_version": "1.12.3", "profile_name": "dbt_dataforge", "target_name": "dev", "connection_name": "list_dataforge_dw_gold"} */
select
      'dataforge_dw' as database,
      tablename as name,
      schemaname as schema,
      'table' as type
    from pg_tables
    where schemaname ilike 'gold'
    union all
    select
      'dataforge_dw' as database,
      viewname as name,
      schemaname as schema,
      'view' as type
    from pg_views
    where schemaname ilike 'gold'
    union all
    select
      'dataforge_dw' as database,
      matviewname as name,
      schemaname as schema,
      'materialized_view' as type
    from pg_matviews
    where schemaname ilike 'gold'
    union all
    select distinct
     'dataforge_dw' as database,
     proname as name,
     ns.nspname as schema,
     'function' as type
    from pg_proc
     join pg_namespace as ns on pronamespace = ns.oid
    where ns.nspname ilike 'gold'
  
[0m08:54:04.407181 [debug] [ThreadPool]: Opening a new connection, currently in state closed
[0m08:54:04.417622 [debug] [ThreadPool]: SQL status: SELECT 1 in 0.010 seconds
[0m08:54:04.418205 [debug] [ThreadPool]: On list_dataforge_dw_gold: ROLLBACK
[0m08:54:04.418765 [debug] [ThreadPool]: On list_dataforge_dw_gold: Close
[0m08:54:04.420871 [debug] [MainThread]: Using postgres connection "master"
[0m08:54:04.421112 [debug] [MainThread]: On master: /* {"app": "dbt", "dbt_version": "1.12.3", "profile_name": "dbt_dataforge", "target_name": "dev", "connection_name": "master"} */
select distinct
        dependent_namespace.nspname as dependent_schema,
        dependent_class.relname as dependent_name,
        referenced_namespace.nspname as referenced_schema,
        referenced_class.relname as referenced_name

    -- Query for views: views are entries in pg_class with an entry in pg_rewrite, but we avoid
    -- a seq scan on pg_rewrite by leveraging the fact there is an "internal" row in pg_depend for
    -- the view...
    from pg_class as dependent_class
    join pg_namespace as dependent_namespace on dependent_namespace.oid = dependent_class.relnamespace
    join pg_depend as dependent_depend on dependent_depend.refobjid = dependent_class.oid
        and dependent_depend.classid = 'pg_rewrite'::regclass
        and dependent_depend.refclassid = 'pg_class'::regclass
        and dependent_depend.deptype = 'i'

    -- ... and via pg_depend (that has a row per column, hence the need for "distinct" above, and
    -- making sure to exclude the internal row to avoid a view appearing to depend on itself)...
    join pg_depend as joining_depend on joining_depend.objid = dependent_depend.objid
        and joining_depend.classid = 'pg_rewrite'::regclass
        and joining_depend.refclassid = 'pg_class'::regclass
        and joining_depend.refobjid != dependent_depend.refobjid

    -- ... we can find the tables they query from in pg_class, but excluding system tables. Note we
    -- don't need need to exclude _dependent_ system tables, because they only query from other
    -- system tables, and so are automatically excluded by excluding _referenced_ system tables
    join pg_class as referenced_class on referenced_class.oid = joining_depend.refobjid
    join pg_namespace as referenced_namespace on referenced_namespace.oid = referenced_class.relnamespace
        and referenced_namespace.nspname != 'information_schema'
        and referenced_namespace.nspname not like 'pg\_%'

    order by
        dependent_schema, dependent_name, referenced_schema, referenced_name;
[0m08:54:04.421366 [debug] [MainThread]: Opening a new connection, currently in state init
[0m08:54:04.430142 [debug] [MainThread]: SQL status: SELECT 1 in 0.009 seconds
[0m08:54:04.430745 [debug] [MainThread]: Sending event: {'category': 'dbt', 'action': 'runnable_timing', 'label': '380e5d34-20a9-44ef-8f6c-73ae8b2784af', 'context': [<snowplow_tracker.self_describing_json.SelfDescribingJson object at 0x10bee7790>]}
[0m08:54:04.430962 [debug] [MainThread]: On master: ROLLBACK
[0m08:54:04.431403 [debug] [MainThread]: On master: COMMIT
[0m08:54:04.431530 [debug] [MainThread]: Using postgres connection "master"
[0m08:54:04.431637 [debug] [MainThread]: On master: COMMIT
[0m08:54:04.432293 [debug] [MainThread]: SQL status: COMMIT in 0.001 seconds
[0m08:54:04.432406 [debug] [MainThread]: On master: Close
[0m08:54:04.434151 [debug] [Thread-1 (]: Began running node model.dbt_dataforge.stg_customers
[0m08:54:04.434564 [info ] [Thread-1 (]: 1 of 2 START sql view model gold.stg_customers ................................. [RUN]
[0m08:54:04.434791 [debug] [Thread-1 (]: Re-using an available connection from the pool (formerly list_dataforge_dw_gold, now model.dbt_dataforge.stg_customers)
[0m08:54:04.434944 [debug] [Thread-1 (]: Began compiling node model.dbt_dataforge.stg_customers
[0m08:54:04.438238 [debug] [Thread-1 (]: Writing injected SQL for node "model.dbt_dataforge.stg_customers"
[0m08:54:04.434329 [debug] [Thread-2 (]: Began running node model.dbt_dataforge.stg_field_orders
[0m08:54:04.438578 [info ] [Thread-2 (]: 2 of 2 START sql view model gold.stg_field_orders .............................. [RUN]
[0m08:54:04.438870 [debug] [Thread-2 (]: Acquiring new postgres connection 'model.dbt_dataforge.stg_field_orders'
[0m08:54:04.439029 [debug] [Thread-2 (]: Began compiling node model.dbt_dataforge.stg_field_orders
[0m08:54:04.440586 [debug] [Thread-2 (]: Writing injected SQL for node "model.dbt_dataforge.stg_field_orders"
[0m08:54:04.440836 [debug] [Thread-1 (]: Began executing node model.dbt_dataforge.stg_customers
[0m08:54:04.461509 [debug] [Thread-1 (]: Writing runtime sql for node "model.dbt_dataforge.stg_customers"
[0m08:54:04.461939 [debug] [Thread-2 (]: Began executing node model.dbt_dataforge.stg_field_orders
[0m08:54:04.463309 [debug] [Thread-2 (]: Writing runtime sql for node "model.dbt_dataforge.stg_field_orders"
[0m08:54:04.463591 [debug] [Thread-1 (]: Using postgres connection "model.dbt_dataforge.stg_customers"
[0m08:54:04.463787 [debug] [Thread-1 (]: On model.dbt_dataforge.stg_customers: /* {"app": "dbt", "dbt_version": "1.12.3", "profile_name": "dbt_dataforge", "target_name": "dev", "node_id": "model.dbt_dataforge.stg_customers"} */

  create view "dataforge_dw"."gold"."stg_customers__dbt_tmp"
    
    
  as (
    with source_data as (
    select * from "dataforge_dw"."raw_silver"."customers"
)

select
    id as customer_id,
    first_name,
    last_name,
    email,
    age
from source_data
  );
[0m08:54:04.463971 [debug] [Thread-1 (]: Opening a new connection, currently in state closed
[0m08:54:04.464152 [debug] [Thread-2 (]: Using postgres connection "model.dbt_dataforge.stg_field_orders"
[0m08:54:04.466101 [debug] [Thread-2 (]: On model.dbt_dataforge.stg_field_orders: /* {"app": "dbt", "dbt_version": "1.12.3", "profile_name": "dbt_dataforge", "target_name": "dev", "node_id": "model.dbt_dataforge.stg_field_orders"} */

  create view "dataforge_dw"."gold"."stg_field_orders__dbt_tmp"
    
    
  as (
    with source_data as (
    select * from "dataforge_dw"."raw_silver"."field_orders"
)

select
    -- Identificadores e Chaves
    ordem_id::text as numero_item_ordem,
    contratos::text as contrato,
    LPAD(ordem_id::text, 8, '0') as instalacao,
    
    -- Dados do Cliente
    nome_cliente::text as nome_cliente,
    
    -- Métricas e Faturamento
    val_fat::numeric(10, 2) as valor_fatura,
    hora_leitura::time as hora_leitura,
    latitude::numeric(9, 6) as latitude,
    longitude::numeric(9, 6) as longitude,
    status_leitura::text as status_leitura

from source_data
  );
[0m08:54:04.466259 [debug] [Thread-2 (]: Opening a new connection, currently in state init
[0m08:54:04.474149 [debug] [Thread-1 (]: SQL status: CREATE VIEW in 0.010 seconds
[0m08:54:04.477128 [debug] [Thread-1 (]: Using postgres connection "model.dbt_dataforge.stg_customers"
[0m08:54:04.477519 [debug] [Thread-1 (]: On model.dbt_dataforge.stg_customers: /* {"app": "dbt", "dbt_version": "1.12.3", "profile_name": "dbt_dataforge", "target_name": "dev", "node_id": "model.dbt_dataforge.stg_customers"} */
alter table "dataforge_dw"."gold"."stg_customers" rename to "stg_customers__dbt_backup"
[0m08:54:04.477344 [debug] [Thread-2 (]: SQL status: CREATE VIEW in 0.011 seconds
[0m08:54:04.478495 [debug] [Thread-2 (]: Using postgres connection "model.dbt_dataforge.stg_field_orders"
[0m08:54:04.478835 [debug] [Thread-2 (]: On model.dbt_dataforge.stg_field_orders: /* {"app": "dbt", "dbt_version": "1.12.3", "profile_name": "dbt_dataforge", "target_name": "dev", "node_id": "model.dbt_dataforge.stg_field_orders"} */
alter table "dataforge_dw"."gold"."stg_field_orders__dbt_tmp" rename to "stg_field_orders"
[0m08:54:04.478679 [debug] [Thread-1 (]: SQL status: ALTER TABLE in 0.001 seconds
[0m08:54:04.479733 [debug] [Thread-1 (]: Using postgres connection "model.dbt_dataforge.stg_customers"
[0m08:54:04.480045 [debug] [Thread-1 (]: On model.dbt_dataforge.stg_customers: /* {"app": "dbt", "dbt_version": "1.12.3", "profile_name": "dbt_dataforge", "target_name": "dev", "node_id": "model.dbt_dataforge.stg_customers"} */
alter table "dataforge_dw"."gold"."stg_customers__dbt_tmp" rename to "stg_customers"
[0m08:54:04.479879 [debug] [Thread-2 (]: SQL status: ALTER TABLE in 0.001 seconds
[0m08:54:04.486832 [debug] [Thread-1 (]: SQL status: ALTER TABLE in 0.007 seconds
[0m08:54:04.489842 [debug] [Thread-1 (]: On model.dbt_dataforge.stg_customers: COMMIT
[0m08:54:04.488260 [debug] [Thread-2 (]: On model.dbt_dataforge.stg_field_orders: COMMIT
[0m08:54:04.490146 [debug] [Thread-2 (]: Using postgres connection "model.dbt_dataforge.stg_field_orders"
[0m08:54:04.490280 [debug] [Thread-2 (]: On model.dbt_dataforge.stg_field_orders: COMMIT
[0m08:54:04.490000 [debug] [Thread-1 (]: Using postgres connection "model.dbt_dataforge.stg_customers"
[0m08:54:04.490443 [debug] [Thread-1 (]: On model.dbt_dataforge.stg_customers: COMMIT
[0m08:54:04.491156 [debug] [Thread-2 (]: SQL status: COMMIT in 0.001 seconds
[0m08:54:04.494021 [debug] [Thread-2 (]: Applying DROP to: "dataforge_dw"."gold"."stg_field_orders__dbt_backup"
[0m08:54:04.496271 [debug] [Thread-2 (]: Using postgres connection "model.dbt_dataforge.stg_field_orders"
[0m08:54:04.494187 [debug] [Thread-1 (]: SQL status: COMMIT in 0.003 seconds
[0m08:54:04.497355 [debug] [Thread-1 (]: Applying DROP to: "dataforge_dw"."gold"."stg_customers__dbt_backup"
[0m08:54:04.497660 [debug] [Thread-1 (]: Using postgres connection "model.dbt_dataforge.stg_customers"
[0m08:54:04.496437 [debug] [Thread-2 (]: On model.dbt_dataforge.stg_field_orders: /* {"app": "dbt", "dbt_version": "1.12.3", "profile_name": "dbt_dataforge", "target_name": "dev", "node_id": "model.dbt_dataforge.stg_field_orders"} */
drop view if exists "dataforge_dw"."gold"."stg_field_orders__dbt_backup" cascade
[0m08:54:04.497805 [debug] [Thread-1 (]: On model.dbt_dataforge.stg_customers: /* {"app": "dbt", "dbt_version": "1.12.3", "profile_name": "dbt_dataforge", "target_name": "dev", "node_id": "model.dbt_dataforge.stg_customers"} */
drop view if exists "dataforge_dw"."gold"."stg_customers__dbt_backup" cascade
[0m08:54:04.498344 [debug] [Thread-2 (]: SQL status: DROP VIEW in 0.000 seconds
[0m08:54:04.499493 [debug] [Thread-2 (]: On model.dbt_dataforge.stg_field_orders: Close
[0m08:54:04.499654 [debug] [Thread-1 (]: SQL status: DROP VIEW in 0.002 seconds
[0m08:54:04.500203 [debug] [Thread-1 (]: On model.dbt_dataforge.stg_customers: Close
[0m08:54:04.501452 [debug] [Thread-2 (]: Sending event: {'category': 'dbt', 'action': 'run_model', 'label': '380e5d34-20a9-44ef-8f6c-73ae8b2784af', 'context': [<snowplow_tracker.self_describing_json.SelfDescribingJson object at 0x10bd12990>]}
[0m08:54:04.501606 [debug] [Thread-1 (]: Sending event: {'category': 'dbt', 'action': 'run_model', 'label': '380e5d34-20a9-44ef-8f6c-73ae8b2784af', 'context': [<snowplow_tracker.self_describing_json.SelfDescribingJson object at 0x10933de90>]}
[0m08:54:04.501904 [info ] [Thread-2 (]: 2 of 2 OK created sql view model gold.stg_field_orders ......................... [[32mCREATE VIEW[0m in 0.06s]
[0m08:54:04.502443 [debug] [Thread-2 (]: Finished running node model.dbt_dataforge.stg_field_orders
[0m08:54:04.502180 [info ] [Thread-1 (]: 1 of 2 OK created sql view model gold.stg_customers ............................ [[32mCREATE VIEW[0m in 0.07s]
[0m08:54:04.502740 [debug] [Thread-1 (]: Finished running node model.dbt_dataforge.stg_customers
[0m08:54:04.503501 [debug] [MainThread]: On master: COMMIT
[0m08:54:04.503647 [debug] [MainThread]: Using postgres connection "master"
[0m08:54:04.503755 [debug] [MainThread]: On master: COMMIT
[0m08:54:04.503860 [debug] [MainThread]: Opening a new connection, currently in state closed
[0m08:54:04.516341 [debug] [MainThread]: SQL status: COMMIT in 0.012 seconds
[0m08:54:04.516566 [debug] [MainThread]: On master: Close
[0m08:54:04.516788 [debug] [MainThread]: Connection 'master' was properly closed.
[0m08:54:04.516902 [debug] [MainThread]: Connection 'model.dbt_dataforge.stg_customers' was properly closed.
[0m08:54:04.517001 [debug] [MainThread]: Connection 'model.dbt_dataforge.stg_field_orders' was properly closed.
[0m08:54:04.517153 [info ] [MainThread]: 
[0m08:54:04.517368 [info ] [MainThread]: Finished running 2 view models in 0 hours 0 minutes and 0.19 seconds (0.19s).
[0m08:54:04.517796 [debug] [MainThread]: Command end result
[0m08:54:04.542200 [debug] [MainThread]: Wrote artifact WritableManifest to /Users/guilhermemiguel/Documents/Projetos_Treinamento/projeto-dataforge/dbt_dataforge/target/manifest.json
[0m08:54:04.544146 [debug] [MainThread]: Wrote artifact SemanticManifest to /Users/guilhermemiguel/Documents/Projetos_Treinamento/projeto-dataforge/dbt_dataforge/target/semantic_manifest.json
[0m08:54:04.545747 [debug] [MainThread]: Wrote artifact OsiDocument to /Users/guilhermemiguel/Documents/Projetos_Treinamento/projeto-dataforge/dbt_dataforge/target/osi_document.json
[0m08:54:04.549762 [debug] [MainThread]: Wrote artifact RunExecutionResult to /Users/guilhermemiguel/Documents/Projetos_Treinamento/projeto-dataforge/dbt_dataforge/target/run_results.json
[0m08:54:04.549933 [info ] [MainThread]: 
[0m08:54:04.550092 [info ] [MainThread]: [32mCompleted successfully[0m
[0m08:54:04.550209 [info ] [MainThread]: 
[0m08:54:04.550358 [info ] [MainThread]: Done. PASS=2 WARN=0 ERROR=0 SKIP=0 NO-OP=0 REUSED=0 TOTAL=2
[0m08:54:04.553780 [debug] [MainThread]: Resource report: {"command_name": "run", "command_success": true, "command_wall_clock_time": 0.7655881, "process_in_blocks": "0", "process_kernel_time": 0.274067, "process_mem_max_rss": "170065920", "process_out_blocks": "0", "process_user_time": 1.506839}
[0m08:54:04.554125 [debug] [MainThread]: Command `dbt run` succeeded at 08:54:04.554070 after 0.77 seconds
[0m08:54:04.554323 [debug] [MainThread]: Sending event: {'category': 'dbt', 'action': 'invocation', 'label': 'end', 'context': [<snowplow_tracker.self_describing_json.SelfDescribingJson object at 0x10bff7d90>, <snowplow_tracker.self_describing_json.SelfDescribingJson object at 0x10bcf34a0>, <snowplow_tracker.self_describing_json.SelfDescribingJson object at 0x10bb89a50>]}
[0m08:54:04.554515 [debug] [MainThread]: Flushing usage events
[0m08:54:05.053168 [debug] [MainThread]: An error was encountered while trying to flush usage events
[0m09:00:12.819366 [debug] [MainThread]: Sending event: {'category': 'dbt', 'action': 'invocation', 'label': 'start', 'context': [<snowplow_tracker.self_describing_json.SelfDescribingJson object at 0x10ac0de80>, <snowplow_tracker.self_describing_json.SelfDescribingJson object at 0x10c3f6850>, <snowplow_tracker.self_describing_json.SelfDescribingJson object at 0x10c3f6ad0>]}


============================== 09:00:12.822693 | de9336a0-dda7-41df-be2b-01cee7dbba5d ==============================
[0m09:00:12.822693 [info ] [MainThread]: Running with dbt=1.12.3
[0m09:00:12.823221 [debug] [MainThread]: running dbt with arguments {'introspect': 'True', 'static_parser': 'True', 'fail_fast': 'False', 'hints_enabled': 'True', 'log_path': '/Users/guilhermemiguel/Documents/Projetos_Treinamento/projeto-dataforge/dbt_dataforge/logs', 'debug': 'False', 'no_print': 'None', 'write_json': 'True', 'printer_width': '80', 'empty': 'False', 'indirect_selection': 'eager', 'profiles_dir': '.', 'quiet': 'False', 'version_check': 'True', 'log_format': 'default', 'partial_parse': 'True', 'use_experimental_parser': 'False', 'cache_selected_only': 'False', 'log_cache_events': 'False', 'invocation_command': 'dbt run --profiles-dir .', 'maximum_seed_size_mib': '1', 'send_anonymous_usage_stats': 'True', 'use_colors': 'True', 'warn_error': 'None', 'warn_error_options': 'WarnErrorOptionsV2(error=[], warn=[], silence=[])', 'target_path': 'None'}
[0m09:00:12.933443 [debug] [MainThread]: Sending event: {'category': 'dbt', 'action': 'project_id', 'label': 'de9336a0-dda7-41df-be2b-01cee7dbba5d', 'context': [<snowplow_tracker.self_describing_json.SelfDescribingJson object at 0x10c3768b0>]}
[0m09:00:12.964842 [debug] [MainThread]: Sending event: {'category': 'dbt', 'action': 'adapter_info', 'label': 'de9336a0-dda7-41df-be2b-01cee7dbba5d', 'context': [<snowplow_tracker.self_describing_json.SelfDescribingJson object at 0x10b5b39b0>]}
[0m09:00:12.965567 [info ] [MainThread]: Registered adapter: postgres=1.11.0
[0m09:00:13.022242 [debug] [MainThread]: checksum: cde570ccdd9444cf5232fa71678728c598e2e34096a2d1a5ad46a5d547f48a01, vars: {}, profile: dbt_dataforge, target: dev, version: 1.12.3
[0m09:00:13.072426 [info ] [MainThread]: Unable to do partial parsing because a project config has changed
[0m09:00:13.072705 [debug] [MainThread]: Sending event: {'category': 'dbt', 'action': 'partial_parser', 'label': 'de9336a0-dda7-41df-be2b-01cee7dbba5d', 'context': [<snowplow_tracker.self_describing_json.SelfDescribingJson object at 0x10d4e6850>]}
[0m09:00:13.607140 [debug] [MainThread]: Sending event: {'category': 'dbt', 'action': 'load_project', 'label': 'de9336a0-dda7-41df-be2b-01cee7dbba5d', 'context': [<snowplow_tracker.self_describing_json.SelfDescribingJson object at 0x10d53fe30>]}
[0m09:00:13.649155 [debug] [MainThread]: Wrote artifact WritableManifest to /Users/guilhermemiguel/Documents/Projetos_Treinamento/projeto-dataforge/dbt_dataforge/target/manifest.json
[0m09:00:13.651591 [debug] [MainThread]: Wrote artifact SemanticManifest to /Users/guilhermemiguel/Documents/Projetos_Treinamento/projeto-dataforge/dbt_dataforge/target/semantic_manifest.json
[0m09:00:13.663149 [debug] [MainThread]: Wrote artifact OsiDocument to /Users/guilhermemiguel/Documents/Projetos_Treinamento/projeto-dataforge/dbt_dataforge/target/osi_document.json
[0m09:00:13.669595 [debug] [MainThread]: Sending event: {'category': 'dbt', 'action': 'resource_counts', 'label': 'de9336a0-dda7-41df-be2b-01cee7dbba5d', 'context': [<snowplow_tracker.self_describing_json.SelfDescribingJson object at 0x10d9c0bb0>]}
[0m09:00:13.669816 [info ] [MainThread]: Found 5 models, 2 sources, 477 macros
[0m09:00:13.669972 [debug] [MainThread]: Sending event: {'category': 'dbt', 'action': 'runnable_timing', 'label': 'de9336a0-dda7-41df-be2b-01cee7dbba5d', 'context': [<snowplow_tracker.self_describing_json.SelfDescribingJson object at 0x10d9f9980>]}
[0m09:00:13.670963 [info ] [MainThread]: 
[0m09:00:13.671132 [info ] [MainThread]: Concurrency: 4 threads (target='dev')
[0m09:00:13.671255 [info ] [MainThread]: 
[0m09:00:13.671493 [debug] [MainThread]: Acquiring new postgres connection 'master'
[0m09:00:13.673611 [debug] [ThreadPool]: Acquiring new postgres connection 'list_dataforge_dw'
[0m09:00:13.705479 [debug] [ThreadPool]: Using postgres connection "list_dataforge_dw"
[0m09:00:13.705682 [debug] [ThreadPool]: On list_dataforge_dw: /* {"app": "dbt", "dbt_version": "1.12.3", "profile_name": "dbt_dataforge", "target_name": "dev", "connection_name": "list_dataforge_dw"} */

    select distinct nspname from pg_namespace
  
[0m09:00:13.705810 [debug] [ThreadPool]: Opening a new connection, currently in state init
[0m09:00:13.756090 [debug] [ThreadPool]: SQL status: SELECT 6 in 0.050 seconds
[0m09:00:13.756926 [debug] [ThreadPool]: On list_dataforge_dw: Close
[0m09:00:13.757685 [debug] [ThreadPool]: Re-using an available connection from the pool (formerly list_dataforge_dw, now list_dataforge_dw_gold)
[0m09:00:13.760424 [debug] [ThreadPool]: Using postgres connection "list_dataforge_dw_gold"
[0m09:00:13.760659 [debug] [ThreadPool]: On list_dataforge_dw_gold: /* {"app": "dbt", "dbt_version": "1.12.3", "profile_name": "dbt_dataforge", "target_name": "dev", "connection_name": "list_dataforge_dw_gold"} */
select
      'dataforge_dw' as database,
      tablename as name,
      schemaname as schema,
      'table' as type
    from pg_tables
    where schemaname ilike 'gold'
    union all
    select
      'dataforge_dw' as database,
      viewname as name,
      schemaname as schema,
      'view' as type
    from pg_views
    where schemaname ilike 'gold'
    union all
    select
      'dataforge_dw' as database,
      matviewname as name,
      schemaname as schema,
      'materialized_view' as type
    from pg_matviews
    where schemaname ilike 'gold'
    union all
    select distinct
     'dataforge_dw' as database,
     proname as name,
     ns.nspname as schema,
     'function' as type
    from pg_proc
     join pg_namespace as ns on pronamespace = ns.oid
    where ns.nspname ilike 'gold'
  
[0m09:00:13.760850 [debug] [ThreadPool]: Opening a new connection, currently in state closed
[0m09:00:13.772124 [debug] [ThreadPool]: SQL status: SELECT 2 in 0.011 seconds
[0m09:00:13.772954 [debug] [ThreadPool]: On list_dataforge_dw_gold: ROLLBACK
[0m09:00:13.773484 [debug] [ThreadPool]: On list_dataforge_dw_gold: Close
[0m09:00:13.775540 [debug] [MainThread]: Using postgres connection "master"
[0m09:00:13.775785 [debug] [MainThread]: On master: /* {"app": "dbt", "dbt_version": "1.12.3", "profile_name": "dbt_dataforge", "target_name": "dev", "connection_name": "master"} */
select distinct
        dependent_namespace.nspname as dependent_schema,
        dependent_class.relname as dependent_name,
        referenced_namespace.nspname as referenced_schema,
        referenced_class.relname as referenced_name

    -- Query for views: views are entries in pg_class with an entry in pg_rewrite, but we avoid
    -- a seq scan on pg_rewrite by leveraging the fact there is an "internal" row in pg_depend for
    -- the view...
    from pg_class as dependent_class
    join pg_namespace as dependent_namespace on dependent_namespace.oid = dependent_class.relnamespace
    join pg_depend as dependent_depend on dependent_depend.refobjid = dependent_class.oid
        and dependent_depend.classid = 'pg_rewrite'::regclass
        and dependent_depend.refclassid = 'pg_class'::regclass
        and dependent_depend.deptype = 'i'

    -- ... and via pg_depend (that has a row per column, hence the need for "distinct" above, and
    -- making sure to exclude the internal row to avoid a view appearing to depend on itself)...
    join pg_depend as joining_depend on joining_depend.objid = dependent_depend.objid
        and joining_depend.classid = 'pg_rewrite'::regclass
        and joining_depend.refclassid = 'pg_class'::regclass
        and joining_depend.refobjid != dependent_depend.refobjid

    -- ... we can find the tables they query from in pg_class, but excluding system tables. Note we
    -- don't need need to exclude _dependent_ system tables, because they only query from other
    -- system tables, and so are automatically excluded by excluding _referenced_ system tables
    join pg_class as referenced_class on referenced_class.oid = joining_depend.refobjid
    join pg_namespace as referenced_namespace on referenced_namespace.oid = referenced_class.relnamespace
        and referenced_namespace.nspname != 'information_schema'
        and referenced_namespace.nspname not like 'pg\_%'

    order by
        dependent_schema, dependent_name, referenced_schema, referenced_name;
[0m09:00:13.775991 [debug] [MainThread]: Opening a new connection, currently in state init
[0m09:00:13.789248 [debug] [MainThread]: SQL status: SELECT 2 in 0.013 seconds
[0m09:00:13.789994 [debug] [MainThread]: Sending event: {'category': 'dbt', 'action': 'runnable_timing', 'label': 'de9336a0-dda7-41df-be2b-01cee7dbba5d', 'context': [<snowplow_tracker.self_describing_json.SelfDescribingJson object at 0x10d9b2a50>]}
[0m09:00:13.790217 [debug] [MainThread]: On master: ROLLBACK
[0m09:00:13.790694 [debug] [MainThread]: On master: COMMIT
[0m09:00:13.790887 [debug] [MainThread]: Using postgres connection "master"
[0m09:00:13.791015 [debug] [MainThread]: On master: COMMIT
[0m09:00:13.791673 [debug] [MainThread]: SQL status: COMMIT in 0.001 seconds
[0m09:00:13.791832 [debug] [MainThread]: On master: Close
[0m09:00:13.793599 [debug] [Thread-2 (]: Began running node model.dbt_dataforge.stg_field_orders
[0m09:00:13.793787 [debug] [Thread-1 (]: Began running node model.dbt_dataforge.stg_customers
[0m09:00:13.794035 [info ] [Thread-2 (]: 2 of 5 START sql view model gold.stg_field_orders .............................. [RUN]
[0m09:00:13.794550 [debug] [Thread-2 (]: Acquiring new postgres connection 'model.dbt_dataforge.stg_field_orders'
[0m09:00:13.794751 [debug] [Thread-2 (]: Began compiling node model.dbt_dataforge.stg_field_orders
[0m09:00:13.797926 [debug] [Thread-2 (]: Writing injected SQL for node "model.dbt_dataforge.stg_field_orders"
[0m09:00:13.794290 [info ] [Thread-1 (]: 1 of 5 START sql view model gold.stg_customers ................................. [RUN]
[0m09:00:13.798159 [debug] [Thread-1 (]: Re-using an available connection from the pool (formerly list_dataforge_dw_gold, now model.dbt_dataforge.stg_customers)
[0m09:00:13.798325 [debug] [Thread-1 (]: Began compiling node model.dbt_dataforge.stg_customers
[0m09:00:13.800118 [debug] [Thread-1 (]: Writing injected SQL for node "model.dbt_dataforge.stg_customers"
[0m09:00:13.800631 [debug] [Thread-2 (]: Began executing node model.dbt_dataforge.stg_field_orders
[0m09:00:13.800861 [debug] [Thread-1 (]: Began executing node model.dbt_dataforge.stg_customers
[0m09:00:13.822503 [debug] [Thread-2 (]: Writing runtime sql for node "model.dbt_dataforge.stg_field_orders"
[0m09:00:13.823435 [debug] [Thread-1 (]: Writing runtime sql for node "model.dbt_dataforge.stg_customers"
[0m09:00:13.823984 [debug] [Thread-2 (]: Using postgres connection "model.dbt_dataforge.stg_field_orders"
[0m09:00:13.824438 [debug] [Thread-2 (]: On model.dbt_dataforge.stg_field_orders: /* {"app": "dbt", "dbt_version": "1.12.3", "profile_name": "dbt_dataforge", "target_name": "dev", "node_id": "model.dbt_dataforge.stg_field_orders"} */

  create view "dataforge_dw"."gold"."stg_field_orders__dbt_tmp"
    
    
  as (
    with source_data as (                                                                           
        select * from "dataforge_dw"."raw_silver"."field_orders"                                    
    )                                                                                               
                                                                                                    
select                                                                                          
        -- Identificadores e Chaves                                                                 
        "Nº item da ordem"::text as numero_item_ordem,                                              
        "Contrato"::text as contrato,                                                               
                                                                                                    
        -- Formatando ZEROS À ESQUERDA para número de instalação e código do leitor!                
        LPAD("Instal"::text, 8, '0') as instalacao,                                                 
        LPAD("Codigo_Leitor"::text, 4, '0') as codigo_leitor,                                       
                                                                                                    
        -- Dados do Cliente                                                                         
        "NomeCliente"::text as nome_cliente,                                                        
                                                                                                    
        -- Endereço e Localização                                                                   
        "Rua"::text as rua,                                                                         
        "Nº da casa"::text as numero_casa,                                                          
        "Bairro"::text as bairro,                                                                   
        "Municipio"::text as municipio,                                                             
        "Latitude localiz.geográfica"::numeric(9, 6) as latitude,                                   
        "Longitude localiz.geográfica"::numeric(9, 6) as longitude,                                 
                                                                                                    
        -- Equipamento                                                                              
        "Registrador"::text as registrador,                                                         
        "Nº Poste"::text as numero_poste,                                                           
        "Nº Serie"::text as numero_serie,                                                           
                                                                                                    
        -- Métricas e Faturamento                                                                   
        "Val Fat"::numeric(10, 2) as valor_fatura,                                                  
        "Hora leit."::time as hora_leitura,                                                         
        "FA CT OK"::text as status_fa_ct_ok                                                         
                                                                                                    
from source_data
  );
[0m09:00:13.824686 [debug] [Thread-2 (]: Opening a new connection, currently in state init
[0m09:00:13.824172 [debug] [Thread-1 (]: Using postgres connection "model.dbt_dataforge.stg_customers"
[0m09:00:13.824904 [debug] [Thread-1 (]: On model.dbt_dataforge.stg_customers: /* {"app": "dbt", "dbt_version": "1.12.3", "profile_name": "dbt_dataforge", "target_name": "dev", "node_id": "model.dbt_dataforge.stg_customers"} */

  create view "dataforge_dw"."gold"."stg_customers__dbt_tmp"
    
    
  as (
    with source_data as (
    select * from "dataforge_dw"."raw_silver"."customers"
)

select
    id as customer_id,
    first_name,
    last_name,
    email,
    age
from source_data
  );
[0m09:00:13.825056 [debug] [Thread-1 (]: Opening a new connection, currently in state closed
[0m09:00:13.833047 [debug] [Thread-2 (]: Postgres adapter: Postgres error: column "Nº item da ordem" does not exist
LINE 13:         "Nº item da ordem"::text as numero_item_ordem,      ...
                 ^

[0m09:00:13.833344 [debug] [Thread-2 (]: On model.dbt_dataforge.stg_field_orders: ROLLBACK
[0m09:00:13.833729 [debug] [Thread-1 (]: SQL status: CREATE VIEW in 0.009 seconds
[0m09:00:13.836871 [debug] [Thread-1 (]: Using postgres connection "model.dbt_dataforge.stg_customers"
[0m09:00:13.833987 [debug] [Thread-2 (]: On model.dbt_dataforge.stg_field_orders: Close
[0m09:00:13.837050 [debug] [Thread-1 (]: On model.dbt_dataforge.stg_customers: /* {"app": "dbt", "dbt_version": "1.12.3", "profile_name": "dbt_dataforge", "target_name": "dev", "node_id": "model.dbt_dataforge.stg_customers"} */
alter table "dataforge_dw"."gold"."stg_customers" rename to "stg_customers__dbt_backup"
[0m09:00:13.837830 [debug] [Thread-1 (]: SQL status: ALTER TABLE in 0.001 seconds
[0m09:00:13.839395 [debug] [Thread-1 (]: Using postgres connection "model.dbt_dataforge.stg_customers"
[0m09:00:13.839597 [debug] [Thread-1 (]: On model.dbt_dataforge.stg_customers: /* {"app": "dbt", "dbt_version": "1.12.3", "profile_name": "dbt_dataforge", "target_name": "dev", "node_id": "model.dbt_dataforge.stg_customers"} */
alter table "dataforge_dw"."gold"."stg_customers__dbt_tmp" rename to "stg_customers"
[0m09:00:13.840325 [debug] [Thread-1 (]: SQL status: ALTER TABLE in 0.001 seconds
[0m09:00:13.849737 [debug] [Thread-1 (]: On model.dbt_dataforge.stg_customers: COMMIT
[0m09:00:13.849959 [debug] [Thread-1 (]: Using postgres connection "model.dbt_dataforge.stg_customers"
[0m09:00:13.850117 [debug] [Thread-1 (]: On model.dbt_dataforge.stg_customers: COMMIT
[0m09:00:13.851069 [debug] [Thread-1 (]: SQL status: COMMIT in 0.001 seconds
[0m09:00:13.854229 [debug] [Thread-1 (]: Applying DROP to: "dataforge_dw"."gold"."stg_customers__dbt_backup"
[0m09:00:13.856667 [debug] [Thread-1 (]: Using postgres connection "model.dbt_dataforge.stg_customers"
[0m09:00:13.856907 [debug] [Thread-1 (]: On model.dbt_dataforge.stg_customers: /* {"app": "dbt", "dbt_version": "1.12.3", "profile_name": "dbt_dataforge", "target_name": "dev", "node_id": "model.dbt_dataforge.stg_customers"} */
drop view if exists "dataforge_dw"."gold"."stg_customers__dbt_backup" cascade
[0m09:00:13.858087 [debug] [Thread-1 (]: SQL status: DROP VIEW in 0.001 seconds
[0m09:00:13.859334 [debug] [Thread-1 (]: On model.dbt_dataforge.stg_customers: Close
[0m09:00:13.861532 [debug] [Thread-2 (]: Database Error in model stg_field_orders (models/staging/stg_field_orders.sql)
  column "Nº item da ordem" does not exist
  LINE 13:         "Nº item da ordem"::text as numero_item_ordem,      ...
                   ^
  compiled code at target/run/dbt_dataforge/models/staging/stg_field_orders.sql
[0m09:00:13.862386 [debug] [Thread-1 (]: Sending event: {'category': 'dbt', 'action': 'run_model', 'label': 'de9336a0-dda7-41df-be2b-01cee7dbba5d', 'context': [<snowplow_tracker.self_describing_json.SelfDescribingJson object at 0x10dbfe780>]}
[0m09:00:13.862590 [debug] [Thread-2 (]: Sending event: {'category': 'dbt', 'action': 'run_model', 'label': 'de9336a0-dda7-41df-be2b-01cee7dbba5d', 'context': [<snowplow_tracker.self_describing_json.SelfDescribingJson object at 0x10ddb4370>]}
[0m09:00:13.862910 [info ] [Thread-1 (]: 1 of 5 OK created sql view model gold.stg_customers ............................ [[32mCREATE VIEW[0m in 0.06s]
[0m09:00:13.863439 [debug] [Thread-1 (]: Finished running node model.dbt_dataforge.stg_customers
[0m09:00:13.863158 [error] [Thread-2 (]: 2 of 5 ERROR creating sql view model gold.stg_field_orders ..................... [[31mERROR[0m in 0.07s]
[0m09:00:13.863783 [debug] [Thread-2 (]: Finished running node model.dbt_dataforge.stg_field_orders
[0m09:00:13.864017 [debug] [Thread-7 (]: Marking all children of 'model.dbt_dataforge.stg_field_orders' to be skipped because of status 'error'.  Reason: Database Error in model stg_field_orders (models/staging/stg_field_orders.sql)
  column "Nº item da ordem" does not exist
  LINE 13:         "Nº item da ordem"::text as numero_item_ordem,      ...
                   ^
  compiled code at target/run/dbt_dataforge/models/staging/stg_field_orders.sql.
[0m09:00:13.864641 [debug] [Thread-1 (]: Began running node model.dbt_dataforge.fct_field_orders
[0m09:00:13.864813 [debug] [Thread-4 (]: Began running node model.dbt_dataforge.dim_locations
[0m09:00:13.865010 [debug] [Thread-3 (]: Began running node model.dbt_dataforge.dim_customers
[0m09:00:13.865218 [info ] [Thread-1 (]: 5 of 5 SKIP relation gold.fct_field_orders ..................................... [[33mSKIP[0m]
[0m09:00:13.865798 [debug] [Thread-1 (]: Finished running node model.dbt_dataforge.fct_field_orders
[0m09:00:13.865617 [info ] [Thread-3 (]: 3 of 5 SKIP relation gold.dim_customers ........................................ [[33mSKIP[0m]
[0m09:00:13.865993 [debug] [Thread-3 (]: Finished running node model.dbt_dataforge.dim_customers
[0m09:00:13.865427 [info ] [Thread-4 (]: 4 of 5 SKIP relation gold.dim_locations ........................................ [[33mSKIP[0m]
[0m09:00:13.866184 [debug] [Thread-4 (]: Finished running node model.dbt_dataforge.dim_locations
[0m09:00:13.866746 [debug] [MainThread]: On master: COMMIT
[0m09:00:13.866881 [debug] [MainThread]: Using postgres connection "master"
[0m09:00:13.866990 [debug] [MainThread]: On master: COMMIT
[0m09:00:13.867091 [debug] [MainThread]: Opening a new connection, currently in state closed
[0m09:00:13.874126 [debug] [MainThread]: SQL status: COMMIT in 0.007 seconds
[0m09:00:13.874392 [debug] [MainThread]: On master: Close
[0m09:00:13.874904 [debug] [MainThread]: Connection 'master' was properly closed.
[0m09:00:13.875094 [debug] [MainThread]: Connection 'model.dbt_dataforge.stg_customers' was properly closed.
[0m09:00:13.875283 [debug] [MainThread]: Connection 'model.dbt_dataforge.stg_field_orders' was properly closed.
[0m09:00:13.875497 [info ] [MainThread]: 
[0m09:00:13.875671 [info ] [MainThread]: Finished running 3 table models, 2 view models in 0 hours 0 minutes and 0.20 seconds (0.20s).
[0m09:00:13.876147 [debug] [MainThread]: Command end result
[0m09:00:13.893223 [debug] [MainThread]: Wrote artifact WritableManifest to /Users/guilhermemiguel/Documents/Projetos_Treinamento/projeto-dataforge/dbt_dataforge/target/manifest.json
[0m09:00:13.894783 [debug] [MainThread]: Wrote artifact SemanticManifest to /Users/guilhermemiguel/Documents/Projetos_Treinamento/projeto-dataforge/dbt_dataforge/target/semantic_manifest.json
[0m09:00:13.896128 [debug] [MainThread]: Wrote artifact OsiDocument to /Users/guilhermemiguel/Documents/Projetos_Treinamento/projeto-dataforge/dbt_dataforge/target/osi_document.json
[0m09:00:13.899600 [debug] [MainThread]: Wrote artifact RunExecutionResult to /Users/guilhermemiguel/Documents/Projetos_Treinamento/projeto-dataforge/dbt_dataforge/target/run_results.json
[0m09:00:13.899749 [info ] [MainThread]: 
[0m09:00:13.899959 [info ] [MainThread]: [31mCompleted with 1 error, 0 partial successes, and 0 warnings:[0m
[0m09:00:13.900097 [info ] [MainThread]: 
[0m09:00:13.900263 [error] [MainThread]: [[31mERROR[0m]: in model stg_field_orders (models/staging/stg_field_orders.sql)
[0m09:00:13.900420 [error] [MainThread]:   Database Error in model stg_field_orders (models/staging/stg_field_orders.sql)
  column "Nº item da ordem" does not exist
  LINE 13:         "Nº item da ordem"::text as numero_item_ordem,      ...
                   ^
  compiled code at target/run/dbt_dataforge/models/staging/stg_field_orders.sql
[0m09:00:13.900543 [info ] [MainThread]: 
[0m09:00:13.900682 [info ] [MainThread]:   compiled code at target/compiled/dbt_dataforge/models/staging/stg_field_orders.sql
[0m09:00:13.900795 [info ] [MainThread]: 
[0m09:00:13.900936 [info ] [MainThread]: Done. PASS=1 WARN=0 ERROR=1 SKIP=3 NO-OP=0 REUSED=0 TOTAL=5
[0m09:00:13.903954 [debug] [MainThread]: Resource report: {"command_name": "run", "command_success": false, "command_wall_clock_time": 1.1377873, "process_in_blocks": "0", "process_kernel_time": 0.296302, "process_mem_max_rss": "172113920", "process_out_blocks": "0", "process_user_time": 1.881866}
[0m09:00:13.904159 [debug] [MainThread]: Command `dbt run` failed at 09:00:13.904123 after 1.14 seconds
[0m09:00:13.904335 [debug] [MainThread]: Sending event: {'category': 'dbt', 'action': 'invocation', 'label': 'end', 'context': [<snowplow_tracker.self_describing_json.SelfDescribingJson object at 0x10d9a8750>, <snowplow_tracker.self_describing_json.SelfDescribingJson object at 0x10d871d50>, <snowplow_tracker.self_describing_json.SelfDescribingJson object at 0x10c459da0>]}
[0m09:00:13.904482 [debug] [MainThread]: Flushing usage events
[0m09:00:14.380649 [debug] [MainThread]: An error was encountered while trying to flush usage events
[0m09:02:20.410048 [debug] [MainThread]: Sending event: {'category': 'dbt', 'action': 'invocation', 'label': 'start', 'context': [<snowplow_tracker.self_describing_json.SelfDescribingJson object at 0x10ac3de80>, <snowplow_tracker.self_describing_json.SelfDescribingJson object at 0x10c426ad0>, <snowplow_tracker.self_describing_json.SelfDescribingJson object at 0x10c426850>]}


============================== 09:02:20.413437 | 225445e9-b696-4d85-aca4-b280d7e596b3 ==============================
[0m09:02:20.413437 [info ] [MainThread]: Running with dbt=1.12.3
[0m09:02:20.413770 [debug] [MainThread]: running dbt with arguments {'hints_enabled': 'True', 'log_path': '/Users/guilhermemiguel/Documents/Projetos_Treinamento/projeto-dataforge/dbt_dataforge/logs', 'send_anonymous_usage_stats': 'True', 'printer_width': '80', 'static_parser': 'True', 'empty': 'False', 'write_json': 'True', 'target_path': 'None', 'profiles_dir': '.', 'use_experimental_parser': 'False', 'partial_parse': 'True', 'log_cache_events': 'False', 'invocation_command': 'dbt run --profiles-dir .', 'cache_selected_only': 'False', 'debug': 'False', 'use_colors': 'True', 'warn_error': 'None', 'indirect_selection': 'eager', 'introspect': 'True', 'log_format': 'default', 'quiet': 'False', 'version_check': 'True', 'warn_error_options': 'WarnErrorOptionsV2(error=[], warn=[], silence=[])', 'fail_fast': 'False', 'no_print': 'None', 'maximum_seed_size_mib': '1'}
[0m09:02:20.524285 [debug] [MainThread]: Sending event: {'category': 'dbt', 'action': 'project_id', 'label': '225445e9-b696-4d85-aca4-b280d7e596b3', 'context': [<snowplow_tracker.self_describing_json.SelfDescribingJson object at 0x10c3a68b0>]}
[0m09:02:20.554711 [debug] [MainThread]: Sending event: {'category': 'dbt', 'action': 'adapter_info', 'label': '225445e9-b696-4d85-aca4-b280d7e596b3', 'context': [<snowplow_tracker.self_describing_json.SelfDescribingJson object at 0x10b5e79b0>]}
[0m09:02:20.555394 [info ] [MainThread]: Registered adapter: postgres=1.11.0
[0m09:02:20.610800 [debug] [MainThread]: checksum: cde570ccdd9444cf5232fa71678728c598e2e34096a2d1a5ad46a5d547f48a01, vars: {}, profile: dbt_dataforge, target: dev, version: 1.12.3
[0m09:02:20.686507 [debug] [MainThread]: Partial parsing enabled: 0 files deleted, 0 files added, 1 files changed.
[0m09:02:20.686839 [debug] [MainThread]: Partial parsing: updated file: dbt_dataforge://models/staging/stg_field_orders.sql
[0m09:02:20.825394 [debug] [MainThread]: Sending event: {'category': 'dbt', 'action': 'load_project', 'label': '225445e9-b696-4d85-aca4-b280d7e596b3', 'context': [<snowplow_tracker.self_describing_json.SelfDescribingJson object at 0x10d519d50>]}
[0m09:02:20.870062 [debug] [MainThread]: Wrote artifact WritableManifest to /Users/guilhermemiguel/Documents/Projetos_Treinamento/projeto-dataforge/dbt_dataforge/target/manifest.json
[0m09:02:20.872150 [debug] [MainThread]: Wrote artifact SemanticManifest to /Users/guilhermemiguel/Documents/Projetos_Treinamento/projeto-dataforge/dbt_dataforge/target/semantic_manifest.json
[0m09:02:20.883212 [debug] [MainThread]: Wrote artifact OsiDocument to /Users/guilhermemiguel/Documents/Projetos_Treinamento/projeto-dataforge/dbt_dataforge/target/osi_document.json
[0m09:02:20.888963 [debug] [MainThread]: Sending event: {'category': 'dbt', 'action': 'resource_counts', 'label': '225445e9-b696-4d85-aca4-b280d7e596b3', 'context': [<snowplow_tracker.self_describing_json.SelfDescribingJson object at 0x10d8473e0>]}
[0m09:02:20.889173 [info ] [MainThread]: Found 5 models, 2 sources, 477 macros
[0m09:02:20.889330 [debug] [MainThread]: Sending event: {'category': 'dbt', 'action': 'runnable_timing', 'label': '225445e9-b696-4d85-aca4-b280d7e596b3', 'context': [<snowplow_tracker.self_describing_json.SelfDescribingJson object at 0x10d88c4b0>]}
[0m09:02:20.890416 [info ] [MainThread]: 
[0m09:02:20.890627 [info ] [MainThread]: Concurrency: 4 threads (target='dev')
[0m09:02:20.890752 [info ] [MainThread]: 
[0m09:02:20.891024 [debug] [MainThread]: Acquiring new postgres connection 'master'
[0m09:02:20.893224 [debug] [ThreadPool]: Acquiring new postgres connection 'list_dataforge_dw'
[0m09:02:20.923412 [debug] [ThreadPool]: Using postgres connection "list_dataforge_dw"
[0m09:02:20.923618 [debug] [ThreadPool]: On list_dataforge_dw: /* {"app": "dbt", "dbt_version": "1.12.3", "profile_name": "dbt_dataforge", "target_name": "dev", "connection_name": "list_dataforge_dw"} */

    select distinct nspname from pg_namespace
  
[0m09:02:20.923748 [debug] [ThreadPool]: Opening a new connection, currently in state init
[0m09:02:20.980968 [debug] [ThreadPool]: SQL status: SELECT 6 in 0.057 seconds
[0m09:02:20.981753 [debug] [ThreadPool]: On list_dataforge_dw: Close
[0m09:02:20.982576 [debug] [ThreadPool]: Re-using an available connection from the pool (formerly list_dataforge_dw, now list_dataforge_dw_gold)
[0m09:02:20.985580 [debug] [ThreadPool]: Using postgres connection "list_dataforge_dw_gold"
[0m09:02:20.985780 [debug] [ThreadPool]: On list_dataforge_dw_gold: /* {"app": "dbt", "dbt_version": "1.12.3", "profile_name": "dbt_dataforge", "target_name": "dev", "connection_name": "list_dataforge_dw_gold"} */
select
      'dataforge_dw' as database,
      tablename as name,
      schemaname as schema,
      'table' as type
    from pg_tables
    where schemaname ilike 'gold'
    union all
    select
      'dataforge_dw' as database,
      viewname as name,
      schemaname as schema,
      'view' as type
    from pg_views
    where schemaname ilike 'gold'
    union all
    select
      'dataforge_dw' as database,
      matviewname as name,
      schemaname as schema,
      'materialized_view' as type
    from pg_matviews
    where schemaname ilike 'gold'
    union all
    select distinct
     'dataforge_dw' as database,
     proname as name,
     ns.nspname as schema,
     'function' as type
    from pg_proc
     join pg_namespace as ns on pronamespace = ns.oid
    where ns.nspname ilike 'gold'
  
[0m09:02:20.985923 [debug] [ThreadPool]: Opening a new connection, currently in state closed
[0m09:02:21.002706 [debug] [ThreadPool]: SQL status: SELECT 2 in 0.017 seconds
[0m09:02:21.003517 [debug] [ThreadPool]: On list_dataforge_dw_gold: ROLLBACK
[0m09:02:21.003964 [debug] [ThreadPool]: On list_dataforge_dw_gold: Close
[0m09:02:21.006182 [debug] [MainThread]: Using postgres connection "master"
[0m09:02:21.006404 [debug] [MainThread]: On master: /* {"app": "dbt", "dbt_version": "1.12.3", "profile_name": "dbt_dataforge", "target_name": "dev", "connection_name": "master"} */
select distinct
        dependent_namespace.nspname as dependent_schema,
        dependent_class.relname as dependent_name,
        referenced_namespace.nspname as referenced_schema,
        referenced_class.relname as referenced_name

    -- Query for views: views are entries in pg_class with an entry in pg_rewrite, but we avoid
    -- a seq scan on pg_rewrite by leveraging the fact there is an "internal" row in pg_depend for
    -- the view...
    from pg_class as dependent_class
    join pg_namespace as dependent_namespace on dependent_namespace.oid = dependent_class.relnamespace
    join pg_depend as dependent_depend on dependent_depend.refobjid = dependent_class.oid
        and dependent_depend.classid = 'pg_rewrite'::regclass
        and dependent_depend.refclassid = 'pg_class'::regclass
        and dependent_depend.deptype = 'i'

    -- ... and via pg_depend (that has a row per column, hence the need for "distinct" above, and
    -- making sure to exclude the internal row to avoid a view appearing to depend on itself)...
    join pg_depend as joining_depend on joining_depend.objid = dependent_depend.objid
        and joining_depend.classid = 'pg_rewrite'::regclass
        and joining_depend.refclassid = 'pg_class'::regclass
        and joining_depend.refobjid != dependent_depend.refobjid

    -- ... we can find the tables they query from in pg_class, but excluding system tables. Note we
    -- don't need need to exclude _dependent_ system tables, because they only query from other
    -- system tables, and so are automatically excluded by excluding _referenced_ system tables
    join pg_class as referenced_class on referenced_class.oid = joining_depend.refobjid
    join pg_namespace as referenced_namespace on referenced_namespace.oid = referenced_class.relnamespace
        and referenced_namespace.nspname != 'information_schema'
        and referenced_namespace.nspname not like 'pg\_%'

    order by
        dependent_schema, dependent_name, referenced_schema, referenced_name;
[0m09:02:21.006591 [debug] [MainThread]: Opening a new connection, currently in state init
[0m09:02:21.016175 [debug] [MainThread]: SQL status: SELECT 2 in 0.010 seconds
[0m09:02:21.016840 [debug] [MainThread]: Sending event: {'category': 'dbt', 'action': 'runnable_timing', 'label': '225445e9-b696-4d85-aca4-b280d7e596b3', 'context': [<snowplow_tracker.self_describing_json.SelfDescribingJson object at 0x10da47040>]}
[0m09:02:21.017086 [debug] [MainThread]: On master: ROLLBACK
[0m09:02:21.017563 [debug] [MainThread]: On master: COMMIT
[0m09:02:21.017692 [debug] [MainThread]: Using postgres connection "master"
[0m09:02:21.017805 [debug] [MainThread]: On master: COMMIT
[0m09:02:21.018510 [debug] [MainThread]: SQL status: COMMIT in 0.001 seconds
[0m09:02:21.018704 [debug] [MainThread]: On master: Close
[0m09:02:21.020971 [debug] [Thread-2 (]: Began running node model.dbt_dataforge.stg_field_orders
[0m09:02:21.021429 [info ] [Thread-2 (]: 2 of 5 START sql view model gold.stg_field_orders .............................. [RUN]
[0m09:02:21.021688 [debug] [Thread-2 (]: Acquiring new postgres connection 'model.dbt_dataforge.stg_field_orders'
[0m09:02:21.021849 [debug] [Thread-2 (]: Began compiling node model.dbt_dataforge.stg_field_orders
[0m09:02:21.025408 [debug] [Thread-2 (]: Writing injected SQL for node "model.dbt_dataforge.stg_field_orders"
[0m09:02:21.021171 [debug] [Thread-1 (]: Began running node model.dbt_dataforge.stg_customers
[0m09:02:21.025750 [info ] [Thread-1 (]: 1 of 5 START sql view model gold.stg_customers ................................. [RUN]
[0m09:02:21.026004 [debug] [Thread-1 (]: Re-using an available connection from the pool (formerly list_dataforge_dw_gold, now model.dbt_dataforge.stg_customers)
[0m09:02:21.026216 [debug] [Thread-1 (]: Began compiling node model.dbt_dataforge.stg_customers
[0m09:02:21.027852 [debug] [Thread-1 (]: Writing injected SQL for node "model.dbt_dataforge.stg_customers"
[0m09:02:21.028153 [debug] [Thread-2 (]: Began executing node model.dbt_dataforge.stg_field_orders
[0m09:02:21.048263 [debug] [Thread-2 (]: Writing runtime sql for node "model.dbt_dataforge.stg_field_orders"
[0m09:02:21.048578 [debug] [Thread-1 (]: Began executing node model.dbt_dataforge.stg_customers
[0m09:02:21.049877 [debug] [Thread-1 (]: Writing runtime sql for node "model.dbt_dataforge.stg_customers"
[0m09:02:21.050178 [debug] [Thread-2 (]: Using postgres connection "model.dbt_dataforge.stg_field_orders"
[0m09:02:21.050370 [debug] [Thread-2 (]: On model.dbt_dataforge.stg_field_orders: /* {"app": "dbt", "dbt_version": "1.12.3", "profile_name": "dbt_dataforge", "target_name": "dev", "node_id": "model.dbt_dataforge.stg_field_orders"} */

  create view "dataforge_dw"."gold"."stg_field_orders__dbt_tmp"
    
    
  as (
    with source_data as (
    select * from "dataforge_dw"."raw_silver"."field_orders"
)

select
    -- Identificadores e Chaves
    ordem_id::text as numero_item_ordem,
    contratos::text as contrato,
    LPAD(ordem_id::text, 8, '0') as instalacao,
    
    -- Dados do Cliente
    nome_cliente::text as nome_cliente,
    
    -- Métricas e Faturamento
    val_fat::numeric(10, 2) as valor_fatura,
    hora_leitura::time as hora_leitura,
    latitude::numeric(9, 6) as latitude,
    longitude::numeric(9, 6) as longitude,
    status_leitura::text as status_leitura

from source_data
  );
[0m09:02:21.050554 [debug] [Thread-2 (]: Opening a new connection, currently in state init
[0m09:02:21.050807 [debug] [Thread-1 (]: Using postgres connection "model.dbt_dataforge.stg_customers"
[0m09:02:21.050951 [debug] [Thread-1 (]: On model.dbt_dataforge.stg_customers: /* {"app": "dbt", "dbt_version": "1.12.3", "profile_name": "dbt_dataforge", "target_name": "dev", "node_id": "model.dbt_dataforge.stg_customers"} */

  create view "dataforge_dw"."gold"."stg_customers__dbt_tmp"
    
    
  as (
    with source_data as (
    select * from "dataforge_dw"."raw_silver"."customers"
)

select
    id as customer_id,
    first_name,
    last_name,
    email,
    age
from source_data
  );
[0m09:02:21.051095 [debug] [Thread-1 (]: Opening a new connection, currently in state closed
[0m09:02:21.060540 [debug] [Thread-1 (]: SQL status: CREATE VIEW in 0.009 seconds
[0m09:02:21.063433 [debug] [Thread-1 (]: Using postgres connection "model.dbt_dataforge.stg_customers"
[0m09:02:21.063806 [debug] [Thread-1 (]: On model.dbt_dataforge.stg_customers: /* {"app": "dbt", "dbt_version": "1.12.3", "profile_name": "dbt_dataforge", "target_name": "dev", "node_id": "model.dbt_dataforge.stg_customers"} */
alter table "dataforge_dw"."gold"."stg_customers" rename to "stg_customers__dbt_backup"
[0m09:02:21.063634 [debug] [Thread-2 (]: SQL status: CREATE VIEW in 0.013 seconds
[0m09:02:21.064833 [debug] [Thread-2 (]: Using postgres connection "model.dbt_dataforge.stg_field_orders"
[0m09:02:21.065160 [debug] [Thread-2 (]: On model.dbt_dataforge.stg_field_orders: /* {"app": "dbt", "dbt_version": "1.12.3", "profile_name": "dbt_dataforge", "target_name": "dev", "node_id": "model.dbt_dataforge.stg_field_orders"} */
alter table "dataforge_dw"."gold"."stg_field_orders" rename to "stg_field_orders__dbt_backup"
[0m09:02:21.065005 [debug] [Thread-1 (]: SQL status: ALTER TABLE in 0.001 seconds
[0m09:02:21.066110 [debug] [Thread-1 (]: Using postgres connection "model.dbt_dataforge.stg_customers"
[0m09:02:21.066422 [debug] [Thread-1 (]: On model.dbt_dataforge.stg_customers: /* {"app": "dbt", "dbt_version": "1.12.3", "profile_name": "dbt_dataforge", "target_name": "dev", "node_id": "model.dbt_dataforge.stg_customers"} */
alter table "dataforge_dw"."gold"."stg_customers__dbt_tmp" rename to "stg_customers"
[0m09:02:21.066269 [debug] [Thread-2 (]: SQL status: ALTER TABLE in 0.001 seconds
[0m09:02:21.067340 [debug] [Thread-2 (]: Using postgres connection "model.dbt_dataforge.stg_field_orders"
[0m09:02:21.067496 [debug] [Thread-2 (]: On model.dbt_dataforge.stg_field_orders: /* {"app": "dbt", "dbt_version": "1.12.3", "profile_name": "dbt_dataforge", "target_name": "dev", "node_id": "model.dbt_dataforge.stg_field_orders"} */
alter table "dataforge_dw"."gold"."stg_field_orders__dbt_tmp" rename to "stg_field_orders"
[0m09:02:21.067745 [debug] [Thread-1 (]: SQL status: ALTER TABLE in 0.001 seconds
[0m09:02:21.073579 [debug] [Thread-2 (]: SQL status: ALTER TABLE in 0.006 seconds
[0m09:02:21.077681 [debug] [Thread-2 (]: On model.dbt_dataforge.stg_field_orders: COMMIT
[0m09:02:21.077839 [debug] [Thread-2 (]: Using postgres connection "model.dbt_dataforge.stg_field_orders"
[0m09:02:21.077976 [debug] [Thread-2 (]: On model.dbt_dataforge.stg_field_orders: COMMIT
[0m09:02:21.076971 [debug] [Thread-1 (]: On model.dbt_dataforge.stg_customers: COMMIT
[0m09:02:21.078141 [debug] [Thread-1 (]: Using postgres connection "model.dbt_dataforge.stg_customers"
[0m09:02:21.078305 [debug] [Thread-1 (]: On model.dbt_dataforge.stg_customers: COMMIT
[0m09:02:21.079024 [debug] [Thread-2 (]: SQL status: COMMIT in 0.001 seconds
[0m09:02:21.081942 [debug] [Thread-2 (]: Applying DROP to: "dataforge_dw"."gold"."stg_field_orders__dbt_backup"
[0m09:02:21.079190 [debug] [Thread-1 (]: SQL status: COMMIT in 0.001 seconds
[0m09:02:21.084624 [debug] [Thread-1 (]: Applying DROP to: "dataforge_dw"."gold"."stg_customers__dbt_backup"
[0m09:02:21.084918 [debug] [Thread-1 (]: Using postgres connection "model.dbt_dataforge.stg_customers"
[0m09:02:21.085059 [debug] [Thread-1 (]: On model.dbt_dataforge.stg_customers: /* {"app": "dbt", "dbt_version": "1.12.3", "profile_name": "dbt_dataforge", "target_name": "dev", "node_id": "model.dbt_dataforge.stg_customers"} */
drop view if exists "dataforge_dw"."gold"."stg_customers__dbt_backup" cascade
[0m09:02:21.083967 [debug] [Thread-2 (]: Using postgres connection "model.dbt_dataforge.stg_field_orders"
[0m09:02:21.085220 [debug] [Thread-2 (]: On model.dbt_dataforge.stg_field_orders: /* {"app": "dbt", "dbt_version": "1.12.3", "profile_name": "dbt_dataforge", "target_name": "dev", "node_id": "model.dbt_dataforge.stg_field_orders"} */
drop view if exists "dataforge_dw"."gold"."stg_field_orders__dbt_backup" cascade
[0m09:02:21.086238 [debug] [Thread-1 (]: SQL status: DROP VIEW in 0.001 seconds
[0m09:02:21.087356 [debug] [Thread-1 (]: On model.dbt_dataforge.stg_customers: Close
[0m09:02:21.087531 [debug] [Thread-2 (]: SQL status: DROP VIEW in 0.002 seconds
[0m09:02:21.088207 [debug] [Thread-2 (]: On model.dbt_dataforge.stg_field_orders: Close
[0m09:02:21.090063 [debug] [Thread-2 (]: Sending event: {'category': 'dbt', 'action': 'run_model', 'label': '225445e9-b696-4d85-aca4-b280d7e596b3', 'context': [<snowplow_tracker.self_describing_json.SelfDescribingJson object at 0x10d862a50>]}
[0m09:02:21.090231 [debug] [Thread-1 (]: Sending event: {'category': 'dbt', 'action': 'run_model', 'label': '225445e9-b696-4d85-aca4-b280d7e596b3', 'context': [<snowplow_tracker.self_describing_json.SelfDescribingJson object at 0x10dc6e2b0>]}
[0m09:02:21.090534 [info ] [Thread-2 (]: 2 of 5 OK created sql view model gold.stg_field_orders ......................... [[32mCREATE VIEW[0m in 0.07s]
[0m09:02:21.091048 [debug] [Thread-2 (]: Finished running node model.dbt_dataforge.stg_field_orders
[0m09:02:21.090828 [info ] [Thread-1 (]: 1 of 5 OK created sql view model gold.stg_customers ............................ [[32mCREATE VIEW[0m in 0.06s]
[0m09:02:21.091611 [debug] [Thread-1 (]: Finished running node model.dbt_dataforge.stg_customers
[0m09:02:21.091955 [debug] [Thread-3 (]: Began running node model.dbt_dataforge.dim_locations
[0m09:02:21.092178 [debug] [Thread-4 (]: Began running node model.dbt_dataforge.fct_field_orders
[0m09:02:21.092769 [info ] [Thread-4 (]: 4 of 5 START sql table model gold.fct_field_orders ............................. [RUN]
[0m09:02:21.093023 [debug] [Thread-4 (]: Acquiring new postgres connection 'model.dbt_dataforge.fct_field_orders'
[0m09:02:21.093180 [debug] [Thread-4 (]: Began compiling node model.dbt_dataforge.fct_field_orders
[0m09:02:21.094440 [debug] [Thread-4 (]: Writing injected SQL for node "model.dbt_dataforge.fct_field_orders"
[0m09:02:21.092382 [info ] [Thread-3 (]: 3 of 5 START sql table model gold.dim_locations ................................ [RUN]
[0m09:02:21.092585 [debug] [Thread-2 (]: Began running node model.dbt_dataforge.dim_customers
[0m09:02:21.094769 [debug] [Thread-3 (]: Acquiring new postgres connection 'model.dbt_dataforge.dim_locations'
[0m09:02:21.095165 [debug] [Thread-3 (]: Began compiling node model.dbt_dataforge.dim_locations
[0m09:02:21.096238 [debug] [Thread-3 (]: Writing injected SQL for node "model.dbt_dataforge.dim_locations"
[0m09:02:21.094981 [info ] [Thread-2 (]: 5 of 5 START sql table model gold.dim_customers ................................ [RUN]
[0m09:02:21.096501 [debug] [Thread-2 (]: Re-using an available connection from the pool (formerly model.dbt_dataforge.stg_field_orders, now model.dbt_dataforge.dim_customers)
[0m09:02:21.096656 [debug] [Thread-2 (]: Began compiling node model.dbt_dataforge.dim_customers
[0m09:02:21.097938 [debug] [Thread-2 (]: Writing injected SQL for node "model.dbt_dataforge.dim_customers"
[0m09:02:21.098338 [debug] [Thread-4 (]: Began executing node model.dbt_dataforge.fct_field_orders
[0m09:02:21.111677 [debug] [Thread-4 (]: Writing runtime sql for node "model.dbt_dataforge.fct_field_orders"
[0m09:02:21.112059 [debug] [Thread-3 (]: Began executing node model.dbt_dataforge.dim_locations
[0m09:02:21.113598 [debug] [Thread-3 (]: Writing runtime sql for node "model.dbt_dataforge.dim_locations"
[0m09:02:21.113810 [debug] [Thread-2 (]: Began executing node model.dbt_dataforge.dim_customers
[0m09:02:21.115114 [debug] [Thread-2 (]: Writing runtime sql for node "model.dbt_dataforge.dim_customers"
[0m09:02:21.115379 [debug] [Thread-4 (]: Using postgres connection "model.dbt_dataforge.fct_field_orders"
[0m09:02:21.115652 [debug] [Thread-4 (]: On model.dbt_dataforge.fct_field_orders: /* {"app": "dbt", "dbt_version": "1.12.3", "profile_name": "dbt_dataforge", "target_name": "dev", "node_id": "model.dbt_dataforge.fct_field_orders"} */

  
    

  create  table "dataforge_dw"."gold"."fct_field_orders__dbt_tmp"
  
  
    as
  
  (
    with stg_orders as (                                                                            
        select * from "dataforge_dw"."gold"."stg_field_orders"                                                 
    )                                                                                               
                                                                                                    
    select                                                                                          
        -- Chave Primária da Ordem                                                                  
        numero_item_ordem,                                                                          
                                                                                                    
        -- Chaves Estrangeiras (FKs) ligando com as Dimensões!                                      
        md5(contrato) as sk_cliente,                                                                
        md5(concat(latitude::text, '_', longitude::text)) as sk_localizacao,                        
                                                                                                    
        -- Métricas e Fatos                                                                         
        instalacao,                                                                                 
        valor_fatura,                                                                               
        hora_leitura,                                                                               
        status_leitura,                                                                             
                                                                                                    
        -- Data de Carga no Data Warehouse                                                          
        current_timestamp as data_processamento_dw                                                  
                                                                                                    
    from stg_orders
  );
  
[0m09:02:21.115871 [debug] [Thread-4 (]: Opening a new connection, currently in state init
[0m09:02:21.116057 [debug] [Thread-3 (]: Using postgres connection "model.dbt_dataforge.dim_locations"
[0m09:02:21.116470 [debug] [Thread-3 (]: On model.dbt_dataforge.dim_locations: /* {"app": "dbt", "dbt_version": "1.12.3", "profile_name": "dbt_dataforge", "target_name": "dev", "node_id": "model.dbt_dataforge.dim_locations"} */

  
    

  create  table "dataforge_dw"."gold"."dim_locations__dbt_tmp"
  
  
    as
  
  (
    -- models/marts/dim_locations.sql                                                               
    with distinct_locations as (                                                                    
        select distinct                                                                             
            latitude,                                                                               
            longitude                                                                               
        from "dataforge_dw"."gold"."stg_field_orders"                                                          
        where latitude is not null and longitude is not null                                        
    )                                                                                               
                                                                                                    
    select                                                                                          
        -- Chave Substituta para a Localização Geográfica                                           
        md5(concat(latitude::text, '_', longitude::text)) as sk_localizacao,                        
        latitude,                                                                                   
        longitude                                                                                   
                                                                                                    
    from distinct_locations
  );
  
[0m09:02:21.116682 [debug] [Thread-3 (]: Opening a new connection, currently in state init
[0m09:02:21.116281 [debug] [Thread-2 (]: Using postgres connection "model.dbt_dataforge.dim_customers"
[0m09:02:21.116991 [debug] [Thread-2 (]: On model.dbt_dataforge.dim_customers: /* {"app": "dbt", "dbt_version": "1.12.3", "profile_name": "dbt_dataforge", "target_name": "dev", "node_id": "model.dbt_dataforge.dim_customers"} */

  
    

  create  table "dataforge_dw"."gold"."dim_customers__dbt_tmp"
  
  
    as
  
  (
    -- models/marts/dim_customers.sql                                                               
    with orders_customers as (                                                                      
        select distinct                                                                             
            contrato,                                                                               
            nome_cliente                                                                            
        from "dataforge_dw"."gold"."stg_field_orders"                                                          
    ),                                                                                              
                                                                                                    
    api_customers as (                                                                              
        select                                                                                      
            customer_id,                                                                            
            first_name,                                                                             
            last_name,                                                                              
            email,                                                                                  
            age                                                                                     
        from "dataforge_dw"."gold"."stg_customers"                                                             
    )                                                                                               
                                                                                                    
    select                                                                                          
        -- Cria uma Chave Substituta (Surrogate Key) para o Cliente                                 
        md5(o.contrato) as sk_cliente,                                                              
        o.contrato as id_contrato,                                                                  
        o.nome_cliente,                                                                             
        c.email,                                                                                    
        c.age as idade                                                                              
                                                                                                    
    from orders_customers o                                                                         
    left join api_customers c                                                                       
        on lower(split_part(o.nome_cliente, ' ', 1)) = lower(c.first_name)
  );
  
[0m09:02:21.117251 [debug] [Thread-2 (]: Opening a new connection, currently in state closed
[0m09:02:21.128143 [debug] [Thread-2 (]: SQL status: SELECT 70 in 0.011 seconds
[0m09:02:21.131393 [debug] [Thread-2 (]: Using postgres connection "model.dbt_dataforge.dim_customers"
[0m09:02:21.131738 [debug] [Thread-2 (]: On model.dbt_dataforge.dim_customers: /* {"app": "dbt", "dbt_version": "1.12.3", "profile_name": "dbt_dataforge", "target_name": "dev", "node_id": "model.dbt_dataforge.dim_customers"} */
alter table "dataforge_dw"."gold"."dim_customers__dbt_tmp" rename to "dim_customers"
[0m09:02:21.128363 [debug] [Thread-3 (]: SQL status: SELECT 70 in 0.012 seconds
[0m09:02:21.132861 [debug] [Thread-3 (]: Using postgres connection "model.dbt_dataforge.dim_locations"
[0m09:02:21.133184 [debug] [Thread-3 (]: On model.dbt_dataforge.dim_locations: /* {"app": "dbt", "dbt_version": "1.12.3", "profile_name": "dbt_dataforge", "target_name": "dev", "node_id": "model.dbt_dataforge.dim_locations"} */
alter table "dataforge_dw"."gold"."dim_locations__dbt_tmp" rename to "dim_locations"
[0m09:02:21.131570 [debug] [Thread-4 (]: SQL status: SELECT 70 in 0.016 seconds
[0m09:02:21.134396 [debug] [Thread-4 (]: Using postgres connection "model.dbt_dataforge.fct_field_orders"
[0m09:02:21.134744 [debug] [Thread-4 (]: On model.dbt_dataforge.fct_field_orders: /* {"app": "dbt", "dbt_version": "1.12.3", "profile_name": "dbt_dataforge", "target_name": "dev", "node_id": "model.dbt_dataforge.fct_field_orders"} */
alter table "dataforge_dw"."gold"."fct_field_orders__dbt_tmp" rename to "fct_field_orders"
[0m09:02:21.133028 [debug] [Thread-2 (]: SQL status: ALTER TABLE in 0.001 seconds
[0m09:02:21.135402 [debug] [Thread-2 (]: On model.dbt_dataforge.dim_customers: COMMIT
[0m09:02:21.135691 [debug] [Thread-2 (]: Using postgres connection "model.dbt_dataforge.dim_customers"
[0m09:02:21.134575 [debug] [Thread-3 (]: SQL status: ALTER TABLE in 0.001 seconds
[0m09:02:21.136428 [debug] [Thread-3 (]: On model.dbt_dataforge.dim_locations: COMMIT
[0m09:02:21.136572 [debug] [Thread-3 (]: Using postgres connection "model.dbt_dataforge.dim_locations"
[0m09:02:21.135556 [debug] [Thread-4 (]: SQL status: ALTER TABLE in 0.001 seconds
[0m09:02:21.137283 [debug] [Thread-4 (]: On model.dbt_dataforge.fct_field_orders: COMMIT
[0m09:02:21.137417 [debug] [Thread-4 (]: Using postgres connection "model.dbt_dataforge.fct_field_orders"
[0m09:02:21.135825 [debug] [Thread-2 (]: On model.dbt_dataforge.dim_customers: COMMIT
[0m09:02:21.136702 [debug] [Thread-3 (]: On model.dbt_dataforge.dim_locations: COMMIT
[0m09:02:21.137544 [debug] [Thread-4 (]: On model.dbt_dataforge.fct_field_orders: COMMIT
[0m09:02:21.138420 [debug] [Thread-4 (]: SQL status: COMMIT in 0.001 seconds
[0m09:02:21.139313 [debug] [Thread-4 (]: Applying DROP to: "dataforge_dw"."gold"."fct_field_orders__dbt_backup"
[0m09:02:21.140535 [debug] [Thread-4 (]: Using postgres connection "model.dbt_dataforge.fct_field_orders"
[0m09:02:21.138576 [debug] [Thread-2 (]: SQL status: COMMIT in 0.001 seconds
[0m09:02:21.138735 [debug] [Thread-3 (]: SQL status: COMMIT in 0.001 seconds
[0m09:02:21.141851 [debug] [Thread-3 (]: Applying DROP to: "dataforge_dw"."gold"."dim_locations__dbt_backup"
[0m09:02:21.142151 [debug] [Thread-3 (]: Using postgres connection "model.dbt_dataforge.dim_locations"
[0m09:02:21.140688 [debug] [Thread-4 (]: On model.dbt_dataforge.fct_field_orders: /* {"app": "dbt", "dbt_version": "1.12.3", "profile_name": "dbt_dataforge", "target_name": "dev", "node_id": "model.dbt_dataforge.fct_field_orders"} */
drop table if exists "dataforge_dw"."gold"."fct_field_orders__dbt_backup" cascade
[0m09:02:21.141294 [debug] [Thread-2 (]: Applying DROP to: "dataforge_dw"."gold"."dim_customers__dbt_backup"
[0m09:02:21.142641 [debug] [Thread-2 (]: Using postgres connection "model.dbt_dataforge.dim_customers"
[0m09:02:21.142933 [debug] [Thread-2 (]: On model.dbt_dataforge.dim_customers: /* {"app": "dbt", "dbt_version": "1.12.3", "profile_name": "dbt_dataforge", "target_name": "dev", "node_id": "model.dbt_dataforge.dim_customers"} */
drop table if exists "dataforge_dw"."gold"."dim_customers__dbt_backup" cascade
[0m09:02:21.142794 [debug] [Thread-4 (]: SQL status: DROP TABLE in 0.000 seconds
[0m09:02:21.143543 [debug] [Thread-4 (]: On model.dbt_dataforge.fct_field_orders: Close
[0m09:02:21.142297 [debug] [Thread-3 (]: On model.dbt_dataforge.dim_locations: /* {"app": "dbt", "dbt_version": "1.12.3", "profile_name": "dbt_dataforge", "target_name": "dev", "node_id": "model.dbt_dataforge.dim_locations"} */
drop table if exists "dataforge_dw"."gold"."dim_locations__dbt_backup" cascade
[0m09:02:21.143995 [debug] [Thread-4 (]: Sending event: {'category': 'dbt', 'action': 'run_model', 'label': '225445e9-b696-4d85-aca4-b280d7e596b3', 'context': [<snowplow_tracker.self_describing_json.SelfDescribingJson object at 0x10dcba7b0>]}
[0m09:02:21.143712 [debug] [Thread-2 (]: SQL status: DROP TABLE in 0.001 seconds
[0m09:02:21.144726 [debug] [Thread-2 (]: On model.dbt_dataforge.dim_customers: Close
[0m09:02:21.144210 [debug] [Thread-3 (]: SQL status: DROP TABLE in 0.000 seconds
[0m09:02:21.145932 [debug] [Thread-3 (]: On model.dbt_dataforge.dim_locations: Close
[0m09:02:21.145264 [debug] [Thread-2 (]: Sending event: {'category': 'dbt', 'action': 'run_model', 'label': '225445e9-b696-4d85-aca4-b280d7e596b3', 'context': [<snowplow_tracker.self_describing_json.SelfDescribingJson object at 0x10dce9b50>]}
[0m09:02:21.144968 [info ] [Thread-4 (]: 4 of 5 OK created sql table model gold.fct_field_orders ........................ [[32mSELECT 70[0m in 0.05s]
[0m09:02:21.146922 [debug] [Thread-4 (]: Finished running node model.dbt_dataforge.fct_field_orders
[0m09:02:21.146499 [info ] [Thread-2 (]: 5 of 5 OK created sql table model gold.dim_customers ........................... [[32mSELECT 70[0m in 0.05s]
[0m09:02:21.147287 [debug] [Thread-2 (]: Finished running node model.dbt_dataforge.dim_customers
[0m09:02:21.146150 [debug] [Thread-3 (]: Sending event: {'category': 'dbt', 'action': 'run_model', 'label': '225445e9-b696-4d85-aca4-b280d7e596b3', 'context': [<snowplow_tracker.self_describing_json.SelfDescribingJson object at 0x10dc4f850>]}
[0m09:02:21.147640 [info ] [Thread-3 (]: 3 of 5 OK created sql table model gold.dim_locations ........................... [[32mSELECT 70[0m in 0.05s]
[0m09:02:21.148047 [debug] [Thread-3 (]: Finished running node model.dbt_dataforge.dim_locations
[0m09:02:21.148881 [debug] [MainThread]: On master: COMMIT
[0m09:02:21.149025 [debug] [MainThread]: Using postgres connection "master"
[0m09:02:21.149141 [debug] [MainThread]: On master: COMMIT
[0m09:02:21.149259 [debug] [MainThread]: Opening a new connection, currently in state closed
[0m09:02:21.159712 [debug] [MainThread]: SQL status: COMMIT in 0.010 seconds
[0m09:02:21.159970 [debug] [MainThread]: On master: Close
[0m09:02:21.160203 [debug] [MainThread]: Connection 'master' was properly closed.
[0m09:02:21.160381 [debug] [MainThread]: Connection 'model.dbt_dataforge.stg_customers' was properly closed.
[0m09:02:21.160519 [debug] [MainThread]: Connection 'model.dbt_dataforge.dim_customers' was properly closed.
[0m09:02:21.160629 [debug] [MainThread]: Connection 'model.dbt_dataforge.fct_field_orders' was properly closed.
[0m09:02:21.160730 [debug] [MainThread]: Connection 'model.dbt_dataforge.dim_locations' was properly closed.
[0m09:02:21.160905 [info ] [MainThread]: 
[0m09:02:21.161044 [info ] [MainThread]: Finished running 3 table models, 2 view models in 0 hours 0 minutes and 0.27 seconds (0.27s).
[0m09:02:21.161745 [debug] [MainThread]: Command end result
[0m09:02:21.181623 [debug] [MainThread]: Wrote artifact WritableManifest to /Users/guilhermemiguel/Documents/Projetos_Treinamento/projeto-dataforge/dbt_dataforge/target/manifest.json
[0m09:02:21.183233 [debug] [MainThread]: Wrote artifact SemanticManifest to /Users/guilhermemiguel/Documents/Projetos_Treinamento/projeto-dataforge/dbt_dataforge/target/semantic_manifest.json
[0m09:02:21.184573 [debug] [MainThread]: Wrote artifact OsiDocument to /Users/guilhermemiguel/Documents/Projetos_Treinamento/projeto-dataforge/dbt_dataforge/target/osi_document.json
[0m09:02:21.188230 [debug] [MainThread]: Wrote artifact RunExecutionResult to /Users/guilhermemiguel/Documents/Projetos_Treinamento/projeto-dataforge/dbt_dataforge/target/run_results.json
[0m09:02:21.188383 [info ] [MainThread]: 
[0m09:02:21.188546 [info ] [MainThread]: [32mCompleted successfully[0m
[0m09:02:21.188667 [info ] [MainThread]: 
[0m09:02:21.188809 [info ] [MainThread]: Done. PASS=5 WARN=0 ERROR=0 SKIP=0 NO-OP=0 REUSED=0 TOTAL=5
[0m09:02:21.192241 [debug] [MainThread]: Resource report: {"command_name": "run", "command_success": true, "command_wall_clock_time": 0.8353472, "process_in_blocks": "0", "process_kernel_time": 0.295816, "process_mem_max_rss": "169263104", "process_out_blocks": "0", "process_user_time": 1.598091}
[0m09:02:21.192981 [debug] [MainThread]: Command `dbt run` succeeded at 09:02:21.192864 after 0.84 seconds
[0m09:02:21.193418 [debug] [MainThread]: Sending event: {'category': 'dbt', 'action': 'invocation', 'label': 'end', 'context': [<snowplow_tracker.self_describing_json.SelfDescribingJson object at 0x10b67ba70>, <snowplow_tracker.self_describing_json.SelfDescribingJson object at 0x10db49f10>, <snowplow_tracker.self_describing_json.SelfDescribingJson object at 0x10db4be90>]}
[0m09:02:21.193811 [debug] [MainThread]: Flushing usage events
[0m09:02:21.672948 [debug] [MainThread]: An error was encountered while trying to flush usage events
[0m09:16:47.003103 [debug] [MainThread]: Sending event: {'category': 'dbt', 'action': 'invocation', 'label': 'start', 'context': [<snowplow_tracker.self_describing_json.SelfDescribingJson object at 0x10d03de80>, <snowplow_tracker.self_describing_json.SelfDescribingJson object at 0x10e822850>, <snowplow_tracker.self_describing_json.SelfDescribingJson object at 0x10e822ad0>]}


============================== 09:16:47.006243 | 8561dbc8-8c2a-4327-9e76-4a59dc9d36cf ==============================
[0m09:16:47.006243 [info ] [MainThread]: Running with dbt=1.12.3
[0m09:16:47.006561 [debug] [MainThread]: running dbt with arguments {'version_check': 'True', 'write_json': 'True', 'use_experimental_parser': 'False', 'maximum_seed_size_mib': '1', 'log_path': '/Users/guilhermemiguel/Documents/Projetos_Treinamento/projeto-dataforge/dbt_dataforge/logs', 'introspect': 'True', 'empty': 'False', 'printer_width': '80', 'log_format': 'default', 'profiles_dir': '.', 'invocation_command': 'dbt run --profiles-dir .', 'quiet': 'False', 'fail_fast': 'False', 'hints_enabled': 'True', 'log_cache_events': 'False', 'target_path': 'None', 'warn_error': 'None', 'static_parser': 'True', 'use_colors': 'True', 'partial_parse': 'True', 'no_print': 'None', 'debug': 'False', 'cache_selected_only': 'False', 'send_anonymous_usage_stats': 'True', 'indirect_selection': 'eager', 'warn_error_options': 'WarnErrorOptionsV2(error=[], warn=[], silence=[])'}
[0m09:16:47.122040 [debug] [MainThread]: Sending event: {'category': 'dbt', 'action': 'project_id', 'label': '8561dbc8-8c2a-4327-9e76-4a59dc9d36cf', 'context': [<snowplow_tracker.self_describing_json.SelfDescribingJson object at 0x10e7a28b0>]}
[0m09:16:47.153275 [debug] [MainThread]: Sending event: {'category': 'dbt', 'action': 'adapter_info', 'label': '8561dbc8-8c2a-4327-9e76-4a59dc9d36cf', 'context': [<snowplow_tracker.self_describing_json.SelfDescribingJson object at 0x10d9df9b0>]}
[0m09:16:47.153993 [info ] [MainThread]: Registered adapter: postgres=1.11.0
[0m09:16:47.210504 [debug] [MainThread]: checksum: cde570ccdd9444cf5232fa71678728c598e2e34096a2d1a5ad46a5d547f48a01, vars: {}, profile: dbt_dataforge, target: dev, version: 1.12.3
[0m09:16:47.289784 [debug] [MainThread]: Partial parsing enabled: 0 files deleted, 1 files added, 0 files changed.
[0m09:16:47.290106 [debug] [MainThread]: Partial parsing: added file: dbt_dataforge://models/schema.yml
[0m09:16:47.451261 [warn ] [MainThread]: [[33mWARNING[0m][MissingArgumentsPropertyInGenericTestDeprecation]: Deprecated
functionality
Found top-level arguments to test `relationships` defined on 'fct_field_orders'
in package 'dbt_dataforge' (models/schema.yml). Arguments to generic tests
should be nested under the `arguments` property.
[0m09:16:47.451590 [debug] [MainThread]: Sending event: {'category': 'dbt', 'action': 'deprecation', 'label': '8561dbc8-8c2a-4327-9e76-4a59dc9d36cf', 'property_': 'warn', 'context': [<snowplow_tracker.self_describing_json.SelfDescribingJson object at 0x10f911950>]}
[0m09:16:47.501007 [debug] [MainThread]: Sending event: {'category': 'dbt', 'action': 'load_project', 'label': '8561dbc8-8c2a-4327-9e76-4a59dc9d36cf', 'context': [<snowplow_tracker.self_describing_json.SelfDescribingJson object at 0x10fcdec60>]}
[0m09:16:47.557583 [debug] [MainThread]: Wrote artifact WritableManifest to /Users/guilhermemiguel/Documents/Projetos_Treinamento/projeto-dataforge/dbt_dataforge/target/manifest.json
[0m09:16:47.560492 [debug] [MainThread]: Wrote artifact SemanticManifest to /Users/guilhermemiguel/Documents/Projetos_Treinamento/projeto-dataforge/dbt_dataforge/target/semantic_manifest.json
[0m09:16:47.571146 [debug] [MainThread]: Wrote artifact OsiDocument to /Users/guilhermemiguel/Documents/Projetos_Treinamento/projeto-dataforge/dbt_dataforge/target/osi_document.json
[0m09:16:47.577550 [debug] [MainThread]: Sending event: {'category': 'dbt', 'action': 'resource_counts', 'label': '8561dbc8-8c2a-4327-9e76-4a59dc9d36cf', 'context': [<snowplow_tracker.self_describing_json.SelfDescribingJson object at 0x10fe199b0>]}
[0m09:16:47.577786 [info ] [MainThread]: Found 5 models, 8 data tests, 2 sources, 477 macros
[0m09:16:47.577940 [debug] [MainThread]: Sending event: {'category': 'dbt', 'action': 'runnable_timing', 'label': '8561dbc8-8c2a-4327-9e76-4a59dc9d36cf', 'context': [<snowplow_tracker.self_describing_json.SelfDescribingJson object at 0x10fe09160>]}
[0m09:16:47.578929 [info ] [MainThread]: 
[0m09:16:47.579108 [info ] [MainThread]: Concurrency: 4 threads (target='dev')
[0m09:16:47.579233 [info ] [MainThread]: 
[0m09:16:47.579473 [debug] [MainThread]: Acquiring new postgres connection 'master'
[0m09:16:47.581347 [debug] [ThreadPool]: Acquiring new postgres connection 'list_dataforge_dw'
[0m09:16:47.613781 [debug] [ThreadPool]: Using postgres connection "list_dataforge_dw"
[0m09:16:47.613992 [debug] [ThreadPool]: On list_dataforge_dw: /* {"app": "dbt", "dbt_version": "1.12.3", "profile_name": "dbt_dataforge", "target_name": "dev", "connection_name": "list_dataforge_dw"} */

    select distinct nspname from pg_namespace
  
[0m09:16:47.614128 [debug] [ThreadPool]: Opening a new connection, currently in state init
[0m09:16:47.797363 [debug] [ThreadPool]: SQL status: SELECT 6 in 0.183 seconds
[0m09:16:47.798344 [debug] [ThreadPool]: On list_dataforge_dw: Close
[0m09:16:47.799397 [debug] [ThreadPool]: Re-using an available connection from the pool (formerly list_dataforge_dw, now list_dataforge_dw_gold)
[0m09:16:47.803182 [debug] [ThreadPool]: Using postgres connection "list_dataforge_dw_gold"
[0m09:16:47.803385 [debug] [ThreadPool]: On list_dataforge_dw_gold: /* {"app": "dbt", "dbt_version": "1.12.3", "profile_name": "dbt_dataforge", "target_name": "dev", "connection_name": "list_dataforge_dw_gold"} */
select
      'dataforge_dw' as database,
      tablename as name,
      schemaname as schema,
      'table' as type
    from pg_tables
    where schemaname ilike 'gold'
    union all
    select
      'dataforge_dw' as database,
      viewname as name,
      schemaname as schema,
      'view' as type
    from pg_views
    where schemaname ilike 'gold'
    union all
    select
      'dataforge_dw' as database,
      matviewname as name,
      schemaname as schema,
      'materialized_view' as type
    from pg_matviews
    where schemaname ilike 'gold'
    union all
    select distinct
     'dataforge_dw' as database,
     proname as name,
     ns.nspname as schema,
     'function' as type
    from pg_proc
     join pg_namespace as ns on pronamespace = ns.oid
    where ns.nspname ilike 'gold'
  
[0m09:16:47.803543 [debug] [ThreadPool]: Opening a new connection, currently in state closed
[0m09:16:47.817852 [debug] [ThreadPool]: SQL status: SELECT 5 in 0.014 seconds
[0m09:16:47.818529 [debug] [ThreadPool]: On list_dataforge_dw_gold: ROLLBACK
[0m09:16:47.819188 [debug] [ThreadPool]: On list_dataforge_dw_gold: Close
[0m09:16:47.821955 [debug] [MainThread]: Using postgres connection "master"
[0m09:16:47.822171 [debug] [MainThread]: On master: /* {"app": "dbt", "dbt_version": "1.12.3", "profile_name": "dbt_dataforge", "target_name": "dev", "connection_name": "master"} */
select distinct
        dependent_namespace.nspname as dependent_schema,
        dependent_class.relname as dependent_name,
        referenced_namespace.nspname as referenced_schema,
        referenced_class.relname as referenced_name

    -- Query for views: views are entries in pg_class with an entry in pg_rewrite, but we avoid
    -- a seq scan on pg_rewrite by leveraging the fact there is an "internal" row in pg_depend for
    -- the view...
    from pg_class as dependent_class
    join pg_namespace as dependent_namespace on dependent_namespace.oid = dependent_class.relnamespace
    join pg_depend as dependent_depend on dependent_depend.refobjid = dependent_class.oid
        and dependent_depend.classid = 'pg_rewrite'::regclass
        and dependent_depend.refclassid = 'pg_class'::regclass
        and dependent_depend.deptype = 'i'

    -- ... and via pg_depend (that has a row per column, hence the need for "distinct" above, and
    -- making sure to exclude the internal row to avoid a view appearing to depend on itself)...
    join pg_depend as joining_depend on joining_depend.objid = dependent_depend.objid
        and joining_depend.classid = 'pg_rewrite'::regclass
        and joining_depend.refclassid = 'pg_class'::regclass
        and joining_depend.refobjid != dependent_depend.refobjid

    -- ... we can find the tables they query from in pg_class, but excluding system tables. Note we
    -- don't need need to exclude _dependent_ system tables, because they only query from other
    -- system tables, and so are automatically excluded by excluding _referenced_ system tables
    join pg_class as referenced_class on referenced_class.oid = joining_depend.refobjid
    join pg_namespace as referenced_namespace on referenced_namespace.oid = referenced_class.relnamespace
        and referenced_namespace.nspname != 'information_schema'
        and referenced_namespace.nspname not like 'pg\_%'

    order by
        dependent_schema, dependent_name, referenced_schema, referenced_name;
[0m09:16:47.822352 [debug] [MainThread]: Opening a new connection, currently in state init
[0m09:16:47.832679 [debug] [MainThread]: SQL status: SELECT 2 in 0.010 seconds
[0m09:16:47.833274 [debug] [MainThread]: Sending event: {'category': 'dbt', 'action': 'runnable_timing', 'label': '8561dbc8-8c2a-4327-9e76-4a59dc9d36cf', 'context': [<snowplow_tracker.self_describing_json.SelfDescribingJson object at 0x10fdbbe90>]}
[0m09:16:47.833515 [debug] [MainThread]: On master: ROLLBACK
[0m09:16:47.834027 [debug] [MainThread]: On master: COMMIT
[0m09:16:47.834154 [debug] [MainThread]: Using postgres connection "master"
[0m09:16:47.834268 [debug] [MainThread]: On master: COMMIT
[0m09:16:47.835023 [debug] [MainThread]: SQL status: COMMIT in 0.001 seconds
[0m09:16:47.835169 [debug] [MainThread]: On master: Close
[0m09:16:47.839175 [debug] [Thread-1 (]: Began running node model.dbt_dataforge.stg_customers
[0m09:16:47.839376 [debug] [Thread-2 (]: Began running node model.dbt_dataforge.stg_field_orders
[0m09:16:47.839638 [info ] [Thread-1 (]: 1 of 5 START sql view model gold.stg_customers ................................. [RUN]
[0m09:16:47.840277 [debug] [Thread-1 (]: Re-using an available connection from the pool (formerly list_dataforge_dw_gold, now model.dbt_dataforge.stg_customers)
[0m09:16:47.840490 [debug] [Thread-1 (]: Began compiling node model.dbt_dataforge.stg_customers
[0m09:16:47.844387 [debug] [Thread-1 (]: Writing injected SQL for node "model.dbt_dataforge.stg_customers"
[0m09:16:47.839975 [info ] [Thread-2 (]: 2 of 5 START sql view model gold.stg_field_orders .............................. [RUN]
[0m09:16:47.844702 [debug] [Thread-2 (]: Acquiring new postgres connection 'model.dbt_dataforge.stg_field_orders'
[0m09:16:47.844885 [debug] [Thread-2 (]: Began compiling node model.dbt_dataforge.stg_field_orders
[0m09:16:47.846812 [debug] [Thread-2 (]: Writing injected SQL for node "model.dbt_dataforge.stg_field_orders"
[0m09:16:47.847198 [debug] [Thread-1 (]: Began executing node model.dbt_dataforge.stg_customers
[0m09:16:47.865464 [debug] [Thread-2 (]: Began executing node model.dbt_dataforge.stg_field_orders
[0m09:16:47.868948 [debug] [Thread-2 (]: Writing runtime sql for node "model.dbt_dataforge.stg_field_orders"
[0m09:16:47.867578 [debug] [Thread-1 (]: Writing runtime sql for node "model.dbt_dataforge.stg_customers"
[0m09:16:47.869427 [debug] [Thread-1 (]: Using postgres connection "model.dbt_dataforge.stg_customers"
[0m09:16:47.869857 [debug] [Thread-1 (]: On model.dbt_dataforge.stg_customers: /* {"app": "dbt", "dbt_version": "1.12.3", "profile_name": "dbt_dataforge", "target_name": "dev", "node_id": "model.dbt_dataforge.stg_customers"} */

  create view "dataforge_dw"."gold"."stg_customers__dbt_tmp"
    
    
  as (
    with source_data as (
    select * from "dataforge_dw"."raw_silver"."customers"
)

select
    id as customer_id,
    first_name,
    last_name,
    email,
    age
from source_data
  );
[0m09:16:47.870045 [debug] [Thread-1 (]: Opening a new connection, currently in state closed
[0m09:16:47.869625 [debug] [Thread-2 (]: Using postgres connection "model.dbt_dataforge.stg_field_orders"
[0m09:16:47.870291 [debug] [Thread-2 (]: On model.dbt_dataforge.stg_field_orders: /* {"app": "dbt", "dbt_version": "1.12.3", "profile_name": "dbt_dataforge", "target_name": "dev", "node_id": "model.dbt_dataforge.stg_field_orders"} */

  create view "dataforge_dw"."gold"."stg_field_orders__dbt_tmp"
    
    
  as (
    with source_data as (
    select * from "dataforge_dw"."raw_silver"."field_orders"
)

select
    -- Identificadores e Chaves
    ordem_id::text as numero_item_ordem,
    contratos::text as contrato,
    LPAD(ordem_id::text, 8, '0') as instalacao,
    
    -- Dados do Cliente
    nome_cliente::text as nome_cliente,
    
    -- Métricas e Faturamento
    val_fat::numeric(10, 2) as valor_fatura,
    hora_leitura::time as hora_leitura,
    latitude::numeric(9, 6) as latitude,
    longitude::numeric(9, 6) as longitude,
    status_leitura::text as status_leitura

from source_data
  );
[0m09:16:47.870470 [debug] [Thread-2 (]: Opening a new connection, currently in state init
[0m09:16:47.880537 [debug] [Thread-1 (]: SQL status: CREATE VIEW in 0.010 seconds
[0m09:16:47.883876 [debug] [Thread-1 (]: Using postgres connection "model.dbt_dataforge.stg_customers"
[0m09:16:47.880756 [debug] [Thread-2 (]: SQL status: CREATE VIEW in 0.010 seconds
[0m09:16:47.885155 [debug] [Thread-2 (]: Using postgres connection "model.dbt_dataforge.stg_field_orders"
[0m09:16:47.884091 [debug] [Thread-1 (]: On model.dbt_dataforge.stg_customers: /* {"app": "dbt", "dbt_version": "1.12.3", "profile_name": "dbt_dataforge", "target_name": "dev", "node_id": "model.dbt_dataforge.stg_customers"} */
alter table "dataforge_dw"."gold"."stg_customers" rename to "stg_customers__dbt_backup"
[0m09:16:47.885332 [debug] [Thread-2 (]: On model.dbt_dataforge.stg_field_orders: /* {"app": "dbt", "dbt_version": "1.12.3", "profile_name": "dbt_dataforge", "target_name": "dev", "node_id": "model.dbt_dataforge.stg_field_orders"} */
alter table "dataforge_dw"."gold"."stg_field_orders" rename to "stg_field_orders__dbt_backup"
[0m09:16:47.886045 [debug] [Thread-1 (]: SQL status: ALTER TABLE in 0.001 seconds
[0m09:16:47.887212 [debug] [Thread-1 (]: Using postgres connection "model.dbt_dataforge.stg_customers"
[0m09:16:47.886207 [debug] [Thread-2 (]: SQL status: ALTER TABLE in 0.001 seconds
[0m09:16:47.888329 [debug] [Thread-2 (]: Using postgres connection "model.dbt_dataforge.stg_field_orders"
[0m09:16:47.888512 [debug] [Thread-2 (]: On model.dbt_dataforge.stg_field_orders: /* {"app": "dbt", "dbt_version": "1.12.3", "profile_name": "dbt_dataforge", "target_name": "dev", "node_id": "model.dbt_dataforge.stg_field_orders"} */
alter table "dataforge_dw"."gold"."stg_field_orders__dbt_tmp" rename to "stg_field_orders"
[0m09:16:47.887385 [debug] [Thread-1 (]: On model.dbt_dataforge.stg_customers: /* {"app": "dbt", "dbt_version": "1.12.3", "profile_name": "dbt_dataforge", "target_name": "dev", "node_id": "model.dbt_dataforge.stg_customers"} */
alter table "dataforge_dw"."gold"."stg_customers__dbt_tmp" rename to "stg_customers"
[0m09:16:47.889176 [debug] [Thread-1 (]: SQL status: ALTER TABLE in 0.000 seconds
[0m09:16:47.889355 [debug] [Thread-2 (]: SQL status: ALTER TABLE in 0.001 seconds
[0m09:16:47.899927 [debug] [Thread-2 (]: On model.dbt_dataforge.stg_field_orders: COMMIT
[0m09:16:47.900098 [debug] [Thread-2 (]: Using postgres connection "model.dbt_dataforge.stg_field_orders"
[0m09:16:47.900261 [debug] [Thread-2 (]: On model.dbt_dataforge.stg_field_orders: COMMIT
[0m09:16:47.899131 [debug] [Thread-1 (]: On model.dbt_dataforge.stg_customers: COMMIT
[0m09:16:47.900476 [debug] [Thread-1 (]: Using postgres connection "model.dbt_dataforge.stg_customers"
[0m09:16:47.900622 [debug] [Thread-1 (]: On model.dbt_dataforge.stg_customers: COMMIT
[0m09:16:47.901498 [debug] [Thread-2 (]: SQL status: COMMIT in 0.001 seconds
[0m09:16:47.904569 [debug] [Thread-2 (]: Applying DROP to: "dataforge_dw"."gold"."stg_field_orders__dbt_backup"
[0m09:16:47.901667 [debug] [Thread-1 (]: SQL status: COMMIT in 0.001 seconds
[0m09:16:47.907340 [debug] [Thread-1 (]: Applying DROP to: "dataforge_dw"."gold"."stg_customers__dbt_backup"
[0m09:16:47.907647 [debug] [Thread-1 (]: Using postgres connection "model.dbt_dataforge.stg_customers"
[0m09:16:47.906639 [debug] [Thread-2 (]: Using postgres connection "model.dbt_dataforge.stg_field_orders"
[0m09:16:47.907931 [debug] [Thread-2 (]: On model.dbt_dataforge.stg_field_orders: /* {"app": "dbt", "dbt_version": "1.12.3", "profile_name": "dbt_dataforge", "target_name": "dev", "node_id": "model.dbt_dataforge.stg_field_orders"} */
drop view if exists "dataforge_dw"."gold"."stg_field_orders__dbt_backup" cascade
[0m09:16:47.907789 [debug] [Thread-1 (]: On model.dbt_dataforge.stg_customers: /* {"app": "dbt", "dbt_version": "1.12.3", "profile_name": "dbt_dataforge", "target_name": "dev", "node_id": "model.dbt_dataforge.stg_customers"} */
drop view if exists "dataforge_dw"."gold"."stg_customers__dbt_backup" cascade
[0m09:16:47.909262 [debug] [Thread-2 (]: SQL status: DROP VIEW in 0.001 seconds
[0m09:16:47.910570 [debug] [Thread-2 (]: On model.dbt_dataforge.stg_field_orders: Close
[0m09:16:47.910743 [debug] [Thread-1 (]: SQL status: DROP VIEW in 0.003 seconds
[0m09:16:47.911399 [debug] [Thread-1 (]: On model.dbt_dataforge.stg_customers: Close
[0m09:16:47.913148 [debug] [Thread-1 (]: Sending event: {'category': 'dbt', 'action': 'run_model', 'label': '8561dbc8-8c2a-4327-9e76-4a59dc9d36cf', 'context': [<snowplow_tracker.self_describing_json.SelfDescribingJson object at 0x11026a570>]}
[0m09:16:47.913318 [debug] [Thread-2 (]: Sending event: {'category': 'dbt', 'action': 'run_model', 'label': '8561dbc8-8c2a-4327-9e76-4a59dc9d36cf', 'context': [<snowplow_tracker.self_describing_json.SelfDescribingJson object at 0x11019e850>]}
[0m09:16:47.913628 [info ] [Thread-1 (]: 1 of 5 OK created sql view model gold.stg_customers ............................ [[32mCREATE VIEW[0m in 0.07s]
[0m09:16:47.914200 [debug] [Thread-1 (]: Finished running node model.dbt_dataforge.stg_customers
[0m09:16:47.913913 [info ] [Thread-2 (]: 2 of 5 OK created sql view model gold.stg_field_orders ......................... [[32mCREATE VIEW[0m in 0.07s]
[0m09:16:47.914523 [debug] [Thread-2 (]: Finished running node model.dbt_dataforge.stg_field_orders
[0m09:16:47.914874 [debug] [Thread-1 (]: Began running node model.dbt_dataforge.fct_field_orders
[0m09:16:47.915048 [debug] [Thread-4 (]: Began running node model.dbt_dataforge.dim_locations
[0m09:16:47.915221 [debug] [Thread-3 (]: Began running node model.dbt_dataforge.dim_customers
[0m09:16:47.915609 [info ] [Thread-4 (]: 4 of 5 START sql table model gold.dim_locations ................................ [RUN]
[0m09:16:47.916017 [debug] [Thread-4 (]: Acquiring new postgres connection 'model.dbt_dataforge.dim_locations'
[0m09:16:47.916210 [debug] [Thread-4 (]: Began compiling node model.dbt_dataforge.dim_locations
[0m09:16:47.917204 [debug] [Thread-4 (]: Writing injected SQL for node "model.dbt_dataforge.dim_locations"
[0m09:16:47.915774 [info ] [Thread-3 (]: 3 of 5 START sql table model gold.dim_customers ................................ [RUN]
[0m09:16:47.915402 [info ] [Thread-1 (]: 5 of 5 START sql table model gold.fct_field_orders ............................. [RUN]
[0m09:16:47.917653 [debug] [Thread-1 (]: Re-using an available connection from the pool (formerly model.dbt_dataforge.stg_customers, now model.dbt_dataforge.fct_field_orders)
[0m09:16:47.917816 [debug] [Thread-1 (]: Began compiling node model.dbt_dataforge.fct_field_orders
[0m09:16:47.918638 [debug] [Thread-1 (]: Writing injected SQL for node "model.dbt_dataforge.fct_field_orders"
[0m09:16:47.917464 [debug] [Thread-3 (]: Acquiring new postgres connection 'model.dbt_dataforge.dim_customers'
[0m09:16:47.918852 [debug] [Thread-3 (]: Began compiling node model.dbt_dataforge.dim_customers
[0m09:16:47.920018 [debug] [Thread-3 (]: Writing injected SQL for node "model.dbt_dataforge.dim_customers"
[0m09:16:47.920210 [debug] [Thread-4 (]: Began executing node model.dbt_dataforge.dim_locations
[0m09:16:47.925855 [debug] [Thread-1 (]: Began executing node model.dbt_dataforge.fct_field_orders
[0m09:16:47.933162 [debug] [Thread-1 (]: Writing runtime sql for node "model.dbt_dataforge.fct_field_orders"
[0m09:16:47.931886 [debug] [Thread-4 (]: Writing runtime sql for node "model.dbt_dataforge.dim_locations"
[0m09:16:47.933464 [debug] [Thread-3 (]: Began executing node model.dbt_dataforge.dim_customers
[0m09:16:47.934628 [debug] [Thread-3 (]: Writing runtime sql for node "model.dbt_dataforge.dim_customers"
[0m09:16:47.934911 [debug] [Thread-1 (]: Using postgres connection "model.dbt_dataforge.fct_field_orders"
[0m09:16:47.935318 [debug] [Thread-1 (]: On model.dbt_dataforge.fct_field_orders: /* {"app": "dbt", "dbt_version": "1.12.3", "profile_name": "dbt_dataforge", "target_name": "dev", "node_id": "model.dbt_dataforge.fct_field_orders"} */

  
    

  create  table "dataforge_dw"."gold"."fct_field_orders__dbt_tmp"
  
  
    as
  
  (
    with stg_orders as (                                                                            
        select * from "dataforge_dw"."gold"."stg_field_orders"                                                 
    )                                                                                               
                                                                                                    
    select                                                                                          
        -- Chave Primária da Ordem                                                                  
        numero_item_ordem,                                                                          
                                                                                                    
        -- Chaves Estrangeiras (FKs) ligando com as Dimensões!                                      
        md5(contrato) as sk_cliente,                                                                
        md5(concat(latitude::text, '_', longitude::text)) as sk_localizacao,                        
                                                                                                    
        -- Métricas e Fatos                                                                         
        instalacao,                                                                                 
        valor_fatura,                                                                               
        hora_leitura,                                                                               
        status_leitura,                                                                             
                                                                                                    
        -- Data de Carga no Data Warehouse                                                          
        current_timestamp as data_processamento_dw                                                  
                                                                                                    
    from stg_orders
  );
  
[0m09:16:47.935547 [debug] [Thread-1 (]: Opening a new connection, currently in state closed
[0m09:16:47.935098 [debug] [Thread-4 (]: Using postgres connection "model.dbt_dataforge.dim_locations"
[0m09:16:47.935974 [debug] [Thread-4 (]: On model.dbt_dataforge.dim_locations: /* {"app": "dbt", "dbt_version": "1.12.3", "profile_name": "dbt_dataforge", "target_name": "dev", "node_id": "model.dbt_dataforge.dim_locations"} */

  
    

  create  table "dataforge_dw"."gold"."dim_locations__dbt_tmp"
  
  
    as
  
  (
    -- models/marts/dim_locations.sql                                                               
    with distinct_locations as (                                                                    
        select distinct                                                                             
            latitude,                                                                               
            longitude                                                                               
        from "dataforge_dw"."gold"."stg_field_orders"                                                          
        where latitude is not null and longitude is not null                                        
    )                                                                                               
                                                                                                    
    select                                                                                          
        -- Chave Substituta para a Localização Geográfica                                           
        md5(concat(latitude::text, '_', longitude::text)) as sk_localizacao,                        
        latitude,                                                                                   
        longitude                                                                                   
                                                                                                    
    from distinct_locations
  );
  
[0m09:16:47.936179 [debug] [Thread-4 (]: Opening a new connection, currently in state init
[0m09:16:47.935774 [debug] [Thread-3 (]: Using postgres connection "model.dbt_dataforge.dim_customers"
[0m09:16:47.936453 [debug] [Thread-3 (]: On model.dbt_dataforge.dim_customers: /* {"app": "dbt", "dbt_version": "1.12.3", "profile_name": "dbt_dataforge", "target_name": "dev", "node_id": "model.dbt_dataforge.dim_customers"} */

  
    

  create  table "dataforge_dw"."gold"."dim_customers__dbt_tmp"
  
  
    as
  
  (
    -- models/marts/dim_customers.sql                                                               
    with orders_customers as (                                                                      
        select distinct                                                                             
            contrato,                                                                               
            nome_cliente                                                                            
        from "dataforge_dw"."gold"."stg_field_orders"                                                          
    ),                                                                                              
                                                                                                    
    api_customers as (                                                                              
        select                                                                                      
            customer_id,                                                                            
            first_name,                                                                             
            last_name,                                                                              
            email,                                                                                  
            age                                                                                     
        from "dataforge_dw"."gold"."stg_customers"                                                             
    )                                                                                               
                                                                                                    
    select                                                                                          
        -- Cria uma Chave Substituta (Surrogate Key) para o Cliente                                 
        md5(o.contrato) as sk_cliente,                                                              
        o.contrato as id_contrato,                                                                  
        o.nome_cliente,                                                                             
        c.email,                                                                                    
        c.age as idade                                                                              
                                                                                                    
    from orders_customers o                                                                         
    left join api_customers c                                                                       
        on lower(split_part(o.nome_cliente, ' ', 1)) = lower(c.first_name)
  );
  
[0m09:16:47.936669 [debug] [Thread-3 (]: Opening a new connection, currently in state init
[0m09:16:47.950064 [debug] [Thread-4 (]: SQL status: SELECT 70 in 0.014 seconds
[0m09:16:47.953445 [debug] [Thread-4 (]: Using postgres connection "model.dbt_dataforge.dim_locations"
[0m09:16:47.950484 [debug] [Thread-3 (]: SQL status: SELECT 70 in 0.014 seconds
[0m09:16:47.950302 [debug] [Thread-1 (]: SQL status: SELECT 70 in 0.015 seconds
[0m09:16:47.953625 [debug] [Thread-4 (]: On model.dbt_dataforge.dim_locations: /* {"app": "dbt", "dbt_version": "1.12.3", "profile_name": "dbt_dataforge", "target_name": "dev", "node_id": "model.dbt_dataforge.dim_locations"} */
alter table "dataforge_dw"."gold"."dim_locations" rename to "dim_locations__dbt_backup"
[0m09:16:47.954798 [debug] [Thread-3 (]: Using postgres connection "model.dbt_dataforge.dim_customers"
[0m09:16:47.955941 [debug] [Thread-3 (]: On model.dbt_dataforge.dim_customers: /* {"app": "dbt", "dbt_version": "1.12.3", "profile_name": "dbt_dataforge", "target_name": "dev", "node_id": "model.dbt_dataforge.dim_customers"} */
alter table "dataforge_dw"."gold"."dim_customers" rename to "dim_customers__dbt_backup"
[0m09:16:47.955758 [debug] [Thread-1 (]: Using postgres connection "model.dbt_dataforge.fct_field_orders"
[0m09:16:47.956114 [debug] [Thread-1 (]: On model.dbt_dataforge.fct_field_orders: /* {"app": "dbt", "dbt_version": "1.12.3", "profile_name": "dbt_dataforge", "target_name": "dev", "node_id": "model.dbt_dataforge.fct_field_orders"} */
alter table "dataforge_dw"."gold"."fct_field_orders" rename to "fct_field_orders__dbt_backup"
[0m09:16:47.956315 [debug] [Thread-4 (]: SQL status: ALTER TABLE in 0.000 seconds
[0m09:16:47.957468 [debug] [Thread-4 (]: Using postgres connection "model.dbt_dataforge.dim_locations"
[0m09:16:47.957622 [debug] [Thread-4 (]: On model.dbt_dataforge.dim_locations: /* {"app": "dbt", "dbt_version": "1.12.3", "profile_name": "dbt_dataforge", "target_name": "dev", "node_id": "model.dbt_dataforge.dim_locations"} */
alter table "dataforge_dw"."gold"."dim_locations__dbt_tmp" rename to "dim_locations"
[0m09:16:47.956511 [debug] [Thread-3 (]: SQL status: ALTER TABLE in 0.000 seconds
[0m09:16:47.956658 [debug] [Thread-1 (]: SQL status: ALTER TABLE in 0.000 seconds
[0m09:16:47.959419 [debug] [Thread-1 (]: Using postgres connection "model.dbt_dataforge.fct_field_orders"
[0m09:16:47.959711 [debug] [Thread-1 (]: On model.dbt_dataforge.fct_field_orders: /* {"app": "dbt", "dbt_version": "1.12.3", "profile_name": "dbt_dataforge", "target_name": "dev", "node_id": "model.dbt_dataforge.fct_field_orders"} */
alter table "dataforge_dw"."gold"."fct_field_orders__dbt_tmp" rename to "fct_field_orders"
[0m09:16:47.958568 [debug] [Thread-3 (]: Using postgres connection "model.dbt_dataforge.dim_customers"
[0m09:16:47.959900 [debug] [Thread-3 (]: On model.dbt_dataforge.dim_customers: /* {"app": "dbt", "dbt_version": "1.12.3", "profile_name": "dbt_dataforge", "target_name": "dev", "node_id": "model.dbt_dataforge.dim_customers"} */
alter table "dataforge_dw"."gold"."dim_customers__dbt_tmp" rename to "dim_customers"
[0m09:16:47.959567 [debug] [Thread-4 (]: SQL status: ALTER TABLE in 0.002 seconds
[0m09:16:47.960968 [debug] [Thread-4 (]: On model.dbt_dataforge.dim_locations: COMMIT
[0m09:16:47.961273 [debug] [Thread-4 (]: Using postgres connection "model.dbt_dataforge.dim_locations"
[0m09:16:47.961406 [debug] [Thread-4 (]: On model.dbt_dataforge.dim_locations: COMMIT
[0m09:16:47.961136 [debug] [Thread-3 (]: SQL status: ALTER TABLE in 0.001 seconds
[0m09:16:47.962381 [debug] [Thread-3 (]: On model.dbt_dataforge.dim_customers: COMMIT
[0m09:16:47.961546 [debug] [Thread-1 (]: SQL status: ALTER TABLE in 0.002 seconds
[0m09:16:47.963315 [debug] [Thread-1 (]: On model.dbt_dataforge.fct_field_orders: COMMIT
[0m09:16:47.963461 [debug] [Thread-1 (]: Using postgres connection "model.dbt_dataforge.fct_field_orders"
[0m09:16:47.963592 [debug] [Thread-1 (]: On model.dbt_dataforge.fct_field_orders: COMMIT
[0m09:16:47.962677 [debug] [Thread-3 (]: Using postgres connection "model.dbt_dataforge.dim_customers"
[0m09:16:47.962532 [debug] [Thread-4 (]: SQL status: COMMIT in 0.001 seconds
[0m09:16:47.964391 [debug] [Thread-4 (]: Applying DROP to: "dataforge_dw"."gold"."dim_locations__dbt_backup"
[0m09:16:47.966000 [debug] [Thread-4 (]: Using postgres connection "model.dbt_dataforge.dim_locations"
[0m09:16:47.964539 [debug] [Thread-1 (]: SQL status: COMMIT in 0.001 seconds
[0m09:16:47.963742 [debug] [Thread-3 (]: On model.dbt_dataforge.dim_customers: COMMIT
[0m09:16:47.966179 [debug] [Thread-4 (]: On model.dbt_dataforge.dim_locations: /* {"app": "dbt", "dbt_version": "1.12.3", "profile_name": "dbt_dataforge", "target_name": "dev", "node_id": "model.dbt_dataforge.dim_locations"} */
drop table if exists "dataforge_dw"."gold"."dim_locations__dbt_backup" cascade
[0m09:16:47.966822 [debug] [Thread-1 (]: Applying DROP to: "dataforge_dw"."gold"."fct_field_orders__dbt_backup"
[0m09:16:47.967262 [debug] [Thread-1 (]: Using postgres connection "model.dbt_dataforge.fct_field_orders"
[0m09:16:47.967424 [debug] [Thread-1 (]: On model.dbt_dataforge.fct_field_orders: /* {"app": "dbt", "dbt_version": "1.12.3", "profile_name": "dbt_dataforge", "target_name": "dev", "node_id": "model.dbt_dataforge.fct_field_orders"} */
drop table if exists "dataforge_dw"."gold"."fct_field_orders__dbt_backup" cascade
[0m09:16:47.967574 [debug] [Thread-3 (]: SQL status: COMMIT in 0.001 seconds
[0m09:16:47.968235 [debug] [Thread-3 (]: Applying DROP to: "dataforge_dw"."gold"."dim_customers__dbt_backup"
[0m09:16:47.968610 [debug] [Thread-3 (]: Using postgres connection "model.dbt_dataforge.dim_customers"
[0m09:16:47.969064 [debug] [Thread-3 (]: On model.dbt_dataforge.dim_customers: /* {"app": "dbt", "dbt_version": "1.12.3", "profile_name": "dbt_dataforge", "target_name": "dev", "node_id": "model.dbt_dataforge.dim_customers"} */
drop table if exists "dataforge_dw"."gold"."dim_customers__dbt_backup" cascade
[0m09:16:47.968920 [debug] [Thread-4 (]: SQL status: DROP TABLE in 0.002 seconds
[0m09:16:47.969620 [debug] [Thread-4 (]: On model.dbt_dataforge.dim_locations: Close
[0m09:16:47.968777 [debug] [Thread-1 (]: SQL status: DROP TABLE in 0.001 seconds
[0m09:16:47.970211 [debug] [Thread-1 (]: On model.dbt_dataforge.fct_field_orders: Close
[0m09:16:47.970371 [debug] [Thread-3 (]: SQL status: DROP TABLE in 0.001 seconds
[0m09:16:47.971178 [debug] [Thread-3 (]: On model.dbt_dataforge.dim_customers: Close
[0m09:16:47.971479 [debug] [Thread-3 (]: Sending event: {'category': 'dbt', 'action': 'run_model', 'label': '8561dbc8-8c2a-4327-9e76-4a59dc9d36cf', 'context': [<snowplow_tracker.self_describing_json.SelfDescribingJson object at 0x1102c2550>]}
[0m09:16:47.971699 [debug] [Thread-1 (]: Sending event: {'category': 'dbt', 'action': 'run_model', 'label': '8561dbc8-8c2a-4327-9e76-4a59dc9d36cf', 'context': [<snowplow_tracker.self_describing_json.SelfDescribingJson object at 0x110169390>]}
[0m09:16:47.972169 [info ] [Thread-3 (]: 3 of 5 OK created sql table model gold.dim_customers ........................... [[32mSELECT 70[0m in 0.05s]
[0m09:16:47.970612 [debug] [Thread-4 (]: Sending event: {'category': 'dbt', 'action': 'run_model', 'label': '8561dbc8-8c2a-4327-9e76-4a59dc9d36cf', 'context': [<snowplow_tracker.self_describing_json.SelfDescribingJson object at 0x11015fa50>]}
[0m09:16:47.972604 [debug] [Thread-3 (]: Finished running node model.dbt_dataforge.dim_customers
[0m09:16:47.973140 [info ] [Thread-4 (]: 4 of 5 OK created sql table model gold.dim_locations ........................... [[32mSELECT 70[0m in 0.05s]
[0m09:16:47.973425 [debug] [Thread-4 (]: Finished running node model.dbt_dataforge.dim_locations
[0m09:16:47.972841 [info ] [Thread-1 (]: 5 of 5 OK created sql table model gold.fct_field_orders ........................ [[32mSELECT 70[0m in 0.05s]
[0m09:16:47.973682 [debug] [Thread-1 (]: Finished running node model.dbt_dataforge.fct_field_orders
[0m09:16:47.974277 [debug] [MainThread]: On master: COMMIT
[0m09:16:47.974406 [debug] [MainThread]: Using postgres connection "master"
[0m09:16:47.974512 [debug] [MainThread]: On master: COMMIT
[0m09:16:47.974609 [debug] [MainThread]: Opening a new connection, currently in state closed
[0m09:16:47.981164 [debug] [MainThread]: SQL status: COMMIT in 0.007 seconds
[0m09:16:47.981319 [debug] [MainThread]: On master: Close
[0m09:16:47.981503 [debug] [MainThread]: Connection 'master' was properly closed.
[0m09:16:47.981619 [debug] [MainThread]: Connection 'model.dbt_dataforge.fct_field_orders' was properly closed.
[0m09:16:47.981747 [debug] [MainThread]: Connection 'model.dbt_dataforge.stg_field_orders' was properly closed.
[0m09:16:47.981854 [debug] [MainThread]: Connection 'model.dbt_dataforge.dim_locations' was properly closed.
[0m09:16:47.981950 [debug] [MainThread]: Connection 'model.dbt_dataforge.dim_customers' was properly closed.
[0m09:16:47.982102 [info ] [MainThread]: 
[0m09:16:47.982241 [info ] [MainThread]: Finished running 3 table models, 2 view models in 0 hours 0 minutes and 0.40 seconds (0.40s).
[0m09:16:47.982807 [debug] [MainThread]: Command end result
[0m09:16:48.000549 [debug] [MainThread]: Wrote artifact WritableManifest to /Users/guilhermemiguel/Documents/Projetos_Treinamento/projeto-dataforge/dbt_dataforge/target/manifest.json
[0m09:16:48.002113 [debug] [MainThread]: Wrote artifact SemanticManifest to /Users/guilhermemiguel/Documents/Projetos_Treinamento/projeto-dataforge/dbt_dataforge/target/semantic_manifest.json
[0m09:16:48.003543 [debug] [MainThread]: Wrote artifact OsiDocument to /Users/guilhermemiguel/Documents/Projetos_Treinamento/projeto-dataforge/dbt_dataforge/target/osi_document.json
[0m09:16:48.007024 [debug] [MainThread]: Wrote artifact RunExecutionResult to /Users/guilhermemiguel/Documents/Projetos_Treinamento/projeto-dataforge/dbt_dataforge/target/run_results.json
[0m09:16:48.007195 [info ] [MainThread]: 
[0m09:16:48.007362 [info ] [MainThread]: [32mCompleted successfully[0m
[0m09:16:48.007485 [info ] [MainThread]: 
[0m09:16:48.007626 [info ] [MainThread]: Done. PASS=5 WARN=0 ERROR=0 SKIP=0 NO-OP=0 REUSED=0 TOTAL=5
[0m09:16:48.007853 [warn ] [MainThread]: [[33mWARNING[0m][DeprecationsSummary]: Deprecated functionality
Summary of encountered deprecations:
- MissingArgumentsPropertyInGenericTestDeprecation: 1 occurrence
To see all deprecation instances instead of just the first occurrence of each,
run command again with the `--show-all-deprecations` flag. You may also need to
run with `--no-partial-parse` as some deprecations are only encountered during
parsing.
[0m09:16:48.011242 [debug] [MainThread]: Resource report: {"command_name": "run", "command_success": true, "command_wall_clock_time": 1.0586727, "process_in_blocks": "0", "process_kernel_time": 0.311209, "process_mem_max_rss": "171933696", "process_out_blocks": "0", "process_user_time": 1.660769}
[0m09:16:48.011507 [debug] [MainThread]: Command `dbt run` succeeded at 09:16:48.011461 after 1.06 seconds
[0m09:16:48.011688 [debug] [MainThread]: Sending event: {'category': 'dbt', 'action': 'invocation', 'label': 'end', 'context': [<snowplow_tracker.self_describing_json.SelfDescribingJson object at 0x10fb6a690>, <snowplow_tracker.self_describing_json.SelfDescribingJson object at 0x110154890>, <snowplow_tracker.self_describing_json.SelfDescribingJson object at 0x110154e90>]}
[0m09:16:48.011851 [debug] [MainThread]: Flushing usage events
[0m09:16:48.617405 [debug] [MainThread]: An error was encountered while trying to flush usage events
[0m09:22:10.874220 [debug] [MainThread]: Sending event: {'category': 'dbt', 'action': 'invocation', 'label': 'start', 'context': [<snowplow_tracker.self_describing_json.SelfDescribingJson object at 0x10aa61e80>, <snowplow_tracker.self_describing_json.SelfDescribingJson object at 0x10c24aad0>, <snowplow_tracker.self_describing_json.SelfDescribingJson object at 0x10c24a850>]}


============================== 09:22:10.877304 | fa0bc128-e544-4f59-ade5-86746294ce67 ==============================
[0m09:22:10.877304 [info ] [MainThread]: Running with dbt=1.12.3
[0m09:22:10.877610 [debug] [MainThread]: running dbt with arguments {'version_check': 'True', 'indirect_selection': 'eager', 'invocation_command': 'dbt test --profiles-dir .', 'empty': 'None', 'log_cache_events': 'False', 'send_anonymous_usage_stats': 'True', 'hints_enabled': 'True', 'use_experimental_parser': 'False', 'target_path': 'None', 'static_parser': 'True', 'write_json': 'True', 'no_print': 'None', 'printer_width': '80', 'log_path': '/Users/guilhermemiguel/Documents/Projetos_Treinamento/projeto-dataforge/dbt_dataforge/logs', 'use_colors': 'True', 'warn_error_options': 'WarnErrorOptionsV2(error=[], warn=[], silence=[])', 'quiet': 'False', 'fail_fast': 'False', 'warn_error': 'None', 'introspect': 'True', 'maximum_seed_size_mib': '1', 'log_format': 'default', 'debug': 'False', 'cache_selected_only': 'False', 'partial_parse': 'True', 'profiles_dir': '.'}
[0m09:22:10.986228 [debug] [MainThread]: Sending event: {'category': 'dbt', 'action': 'project_id', 'label': 'fa0bc128-e544-4f59-ade5-86746294ce67', 'context': [<snowplow_tracker.self_describing_json.SelfDescribingJson object at 0x10c1ca8b0>]}
[0m09:22:11.016629 [debug] [MainThread]: Sending event: {'category': 'dbt', 'action': 'adapter_info', 'label': 'fa0bc128-e544-4f59-ade5-86746294ce67', 'context': [<snowplow_tracker.self_describing_json.SelfDescribingJson object at 0x10b40b9b0>]}
[0m09:22:11.017320 [info ] [MainThread]: Registered adapter: postgres=1.11.0
[0m09:22:11.080955 [debug] [MainThread]: checksum: cde570ccdd9444cf5232fa71678728c598e2e34096a2d1a5ad46a5d547f48a01, vars: {}, profile: dbt_dataforge, target: dev, version: 1.12.3
[0m09:22:11.168193 [debug] [MainThread]: Partial parsing enabled: 0 files deleted, 0 files added, 0 files changed.
[0m09:22:11.168398 [debug] [MainThread]: Nothing changed, skipping partial parsing.
[0m09:22:11.168511 [debug] [MainThread]: Partial parsing enabled, no changes found, skipping parsing
[0m09:22:11.173331 [debug] [MainThread]: Sending event: {'category': 'dbt', 'action': 'load_project', 'label': 'fa0bc128-e544-4f59-ade5-86746294ce67', 'context': [<snowplow_tracker.self_describing_json.SelfDescribingJson object at 0x10d33f650>]}
[0m09:22:11.242498 [debug] [MainThread]: Wrote artifact WritableManifest to /Users/guilhermemiguel/Documents/Projetos_Treinamento/projeto-dataforge/dbt_dataforge/target/manifest.json
[0m09:22:11.244639 [debug] [MainThread]: Wrote artifact SemanticManifest to /Users/guilhermemiguel/Documents/Projetos_Treinamento/projeto-dataforge/dbt_dataforge/target/semantic_manifest.json
[0m09:22:11.255227 [debug] [MainThread]: Wrote artifact OsiDocument to /Users/guilhermemiguel/Documents/Projetos_Treinamento/projeto-dataforge/dbt_dataforge/target/osi_document.json
[0m09:22:11.342148 [debug] [MainThread]: Sending event: {'category': 'dbt', 'action': 'resource_counts', 'label': 'fa0bc128-e544-4f59-ade5-86746294ce67', 'context': [<snowplow_tracker.self_describing_json.SelfDescribingJson object at 0x10d56e8a0>]}
[0m09:22:11.342430 [info ] [MainThread]: Found 5 models, 8 data tests, 2 sources, 477 macros
[0m09:22:11.342588 [debug] [MainThread]: Sending event: {'category': 'dbt', 'action': 'runnable_timing', 'label': 'fa0bc128-e544-4f59-ade5-86746294ce67', 'context': [<snowplow_tracker.self_describing_json.SelfDescribingJson object at 0x10dfd7310>]}
[0m09:22:11.343829 [info ] [MainThread]: 
[0m09:22:11.344058 [info ] [MainThread]: Concurrency: 4 threads (target='dev')
[0m09:22:11.344196 [info ] [MainThread]: 
[0m09:22:11.344506 [debug] [MainThread]: Acquiring new postgres connection 'master'
[0m09:22:11.350493 [debug] [ThreadPool]: Acquiring new postgres connection 'list_dataforge_dw_gold'
[0m09:22:11.382743 [debug] [ThreadPool]: Using postgres connection "list_dataforge_dw_gold"
[0m09:22:11.382961 [debug] [ThreadPool]: On list_dataforge_dw_gold: /* {"app": "dbt", "dbt_version": "1.12.3", "profile_name": "dbt_dataforge", "target_name": "dev", "connection_name": "list_dataforge_dw_gold"} */
select
      'dataforge_dw' as database,
      tablename as name,
      schemaname as schema,
      'table' as type
    from pg_tables
    where schemaname ilike 'gold'
    union all
    select
      'dataforge_dw' as database,
      viewname as name,
      schemaname as schema,
      'view' as type
    from pg_views
    where schemaname ilike 'gold'
    union all
    select
      'dataforge_dw' as database,
      matviewname as name,
      schemaname as schema,
      'materialized_view' as type
    from pg_matviews
    where schemaname ilike 'gold'
    union all
    select distinct
     'dataforge_dw' as database,
     proname as name,
     ns.nspname as schema,
     'function' as type
    from pg_proc
     join pg_namespace as ns on pronamespace = ns.oid
    where ns.nspname ilike 'gold'
  
[0m09:22:11.383112 [debug] [ThreadPool]: Opening a new connection, currently in state init
[0m09:22:11.433114 [debug] [ThreadPool]: SQL status: SELECT 5 in 0.050 seconds
[0m09:22:11.433953 [debug] [ThreadPool]: On list_dataforge_dw_gold: ROLLBACK
[0m09:22:11.434590 [debug] [ThreadPool]: On list_dataforge_dw_gold: Close
[0m09:22:11.437218 [debug] [MainThread]: Using postgres connection "master"
[0m09:22:11.437439 [debug] [MainThread]: On master: /* {"app": "dbt", "dbt_version": "1.12.3", "profile_name": "dbt_dataforge", "target_name": "dev", "connection_name": "master"} */
select distinct
        dependent_namespace.nspname as dependent_schema,
        dependent_class.relname as dependent_name,
        referenced_namespace.nspname as referenced_schema,
        referenced_class.relname as referenced_name

    -- Query for views: views are entries in pg_class with an entry in pg_rewrite, but we avoid
    -- a seq scan on pg_rewrite by leveraging the fact there is an "internal" row in pg_depend for
    -- the view...
    from pg_class as dependent_class
    join pg_namespace as dependent_namespace on dependent_namespace.oid = dependent_class.relnamespace
    join pg_depend as dependent_depend on dependent_depend.refobjid = dependent_class.oid
        and dependent_depend.classid = 'pg_rewrite'::regclass
        and dependent_depend.refclassid = 'pg_class'::regclass
        and dependent_depend.deptype = 'i'

    -- ... and via pg_depend (that has a row per column, hence the need for "distinct" above, and
    -- making sure to exclude the internal row to avoid a view appearing to depend on itself)...
    join pg_depend as joining_depend on joining_depend.objid = dependent_depend.objid
        and joining_depend.classid = 'pg_rewrite'::regclass
        and joining_depend.refclassid = 'pg_class'::regclass
        and joining_depend.refobjid != dependent_depend.refobjid

    -- ... we can find the tables they query from in pg_class, but excluding system tables. Note we
    -- don't need need to exclude _dependent_ system tables, because they only query from other
    -- system tables, and so are automatically excluded by excluding _referenced_ system tables
    join pg_class as referenced_class on referenced_class.oid = joining_depend.refobjid
    join pg_namespace as referenced_namespace on referenced_namespace.oid = referenced_class.relnamespace
        and referenced_namespace.nspname != 'information_schema'
        and referenced_namespace.nspname not like 'pg\_%'

    order by
        dependent_schema, dependent_name, referenced_schema, referenced_name;
[0m09:22:11.437619 [debug] [MainThread]: Opening a new connection, currently in state init
[0m09:22:11.446861 [debug] [MainThread]: SQL status: SELECT 2 in 0.009 seconds
[0m09:22:11.448247 [debug] [MainThread]: Sending event: {'category': 'dbt', 'action': 'runnable_timing', 'label': 'fa0bc128-e544-4f59-ade5-86746294ce67', 'context': [<snowplow_tracker.self_describing_json.SelfDescribingJson object at 0x10dfdfa00>]}
[0m09:22:11.448503 [debug] [MainThread]: On master: ROLLBACK
[0m09:22:11.449003 [debug] [MainThread]: On master: COMMIT
[0m09:22:11.449157 [debug] [MainThread]: Using postgres connection "master"
[0m09:22:11.449272 [debug] [MainThread]: On master: COMMIT
[0m09:22:11.449979 [debug] [MainThread]: SQL status: COMMIT in 0.001 seconds
[0m09:22:11.450177 [debug] [MainThread]: On master: Close
[0m09:22:11.452324 [debug] [Thread-4 (]: Began running node test.dbt_dataforge.not_null_fct_field_orders_valor_fatura.639e7f2b62
[0m09:22:11.453042 [info ] [Thread-4 (]: 4 of 8 START test not_null_fct_field_orders_valor_fatura ....................... [RUN]
[0m09:22:11.453429 [debug] [Thread-4 (]: Acquiring new postgres connection 'test.dbt_dataforge.not_null_fct_field_orders_valor_fatura.639e7f2b62'
[0m09:22:11.453593 [debug] [Thread-4 (]: Began compiling node test.dbt_dataforge.not_null_fct_field_orders_valor_fatura.639e7f2b62
[0m09:22:11.452535 [debug] [Thread-2 (]: Began running node test.dbt_dataforge.not_null_dim_locations_sk_localizacao.109d519240
[0m09:22:11.452713 [debug] [Thread-3 (]: Began running node test.dbt_dataforge.not_null_fct_field_orders_numero_item_ordem.57d37fd8f9
[0m09:22:11.452868 [debug] [Thread-1 (]: Began running node test.dbt_dataforge.not_null_dim_customers_sk_cliente.27c3b691a6
[0m09:22:11.471963 [debug] [Thread-4 (]: Writing injected SQL for node "test.dbt_dataforge.not_null_fct_field_orders_valor_fatura.639e7f2b62"
[0m09:22:11.467497 [info ] [Thread-2 (]: 2 of 8 START test not_null_dim_locations_sk_localizacao ........................ [RUN]
[0m09:22:11.472891 [debug] [Thread-2 (]: Acquiring new postgres connection 'test.dbt_dataforge.not_null_dim_locations_sk_localizacao.109d519240'
[0m09:22:11.473157 [debug] [Thread-2 (]: Began compiling node test.dbt_dataforge.not_null_dim_locations_sk_localizacao.109d519240
[0m09:22:11.476930 [debug] [Thread-2 (]: Writing injected SQL for node "test.dbt_dataforge.not_null_dim_locations_sk_localizacao.109d519240"
[0m09:22:11.472530 [info ] [Thread-1 (]: 1 of 8 START test not_null_dim_customers_sk_cliente ............................ [RUN]
[0m09:22:11.472290 [info ] [Thread-3 (]: 3 of 8 START test not_null_fct_field_orders_numero_item_ordem .................. [RUN]
[0m09:22:11.477664 [debug] [Thread-3 (]: Acquiring new postgres connection 'test.dbt_dataforge.not_null_fct_field_orders_numero_item_ordem.57d37fd8f9'
[0m09:22:11.477858 [debug] [Thread-3 (]: Began compiling node test.dbt_dataforge.not_null_fct_field_orders_numero_item_ordem.57d37fd8f9
[0m09:22:11.481149 [debug] [Thread-3 (]: Writing injected SQL for node "test.dbt_dataforge.not_null_fct_field_orders_numero_item_ordem.57d37fd8f9"
[0m09:22:11.477354 [debug] [Thread-1 (]: Re-using an available connection from the pool (formerly list_dataforge_dw_gold, now test.dbt_dataforge.not_null_dim_customers_sk_cliente.27c3b691a6)
[0m09:22:11.478035 [debug] [Thread-2 (]: Began executing node test.dbt_dataforge.not_null_dim_locations_sk_localizacao.109d519240
[0m09:22:11.492635 [debug] [Thread-2 (]: Writing runtime sql for node "test.dbt_dataforge.not_null_dim_locations_sk_localizacao.109d519240"
[0m09:22:11.481518 [debug] [Thread-1 (]: Began compiling node test.dbt_dataforge.not_null_dim_customers_sk_cliente.27c3b691a6
[0m09:22:11.481342 [debug] [Thread-4 (]: Began executing node test.dbt_dataforge.not_null_fct_field_orders_valor_fatura.639e7f2b62
[0m09:22:11.496892 [debug] [Thread-4 (]: Writing runtime sql for node "test.dbt_dataforge.not_null_fct_field_orders_valor_fatura.639e7f2b62"
[0m09:22:11.495974 [debug] [Thread-1 (]: Writing injected SQL for node "test.dbt_dataforge.not_null_dim_customers_sk_cliente.27c3b691a6"
[0m09:22:11.496170 [debug] [Thread-3 (]: Began executing node test.dbt_dataforge.not_null_fct_field_orders_numero_item_ordem.57d37fd8f9
[0m09:22:11.497703 [debug] [Thread-3 (]: Writing runtime sql for node "test.dbt_dataforge.not_null_fct_field_orders_numero_item_ordem.57d37fd8f9"
[0m09:22:11.498008 [debug] [Thread-2 (]: Using postgres connection "test.dbt_dataforge.not_null_dim_locations_sk_localizacao.109d519240"
[0m09:22:11.498372 [debug] [Thread-2 (]: On test.dbt_dataforge.not_null_dim_locations_sk_localizacao.109d519240: /* {"app": "dbt", "dbt_version": "1.12.3", "profile_name": "dbt_dataforge", "target_name": "dev", "node_id": "test.dbt_dataforge.not_null_dim_locations_sk_localizacao.109d519240"} */

    
    select
      count(*) as failures,
      count(*) != 0 as should_warn,
      count(*) != 0 as should_error
    from (
      
    
  
    
    



select sk_localizacao
from "dataforge_dw"."gold"."dim_locations"
where sk_localizacao is null



  
  
      
    ) dbt_internal_test
[0m09:22:11.498587 [debug] [Thread-2 (]: Opening a new connection, currently in state init
[0m09:22:11.498173 [debug] [Thread-1 (]: Began executing node test.dbt_dataforge.not_null_dim_customers_sk_cliente.27c3b691a6
[0m09:22:11.499645 [debug] [Thread-1 (]: Writing runtime sql for node "test.dbt_dataforge.not_null_dim_customers_sk_cliente.27c3b691a6"
[0m09:22:11.498914 [debug] [Thread-3 (]: Using postgres connection "test.dbt_dataforge.not_null_fct_field_orders_numero_item_ordem.57d37fd8f9"
[0m09:22:11.499873 [debug] [Thread-3 (]: On test.dbt_dataforge.not_null_fct_field_orders_numero_item_ordem.57d37fd8f9: /* {"app": "dbt", "dbt_version": "1.12.3", "profile_name": "dbt_dataforge", "target_name": "dev", "node_id": "test.dbt_dataforge.not_null_fct_field_orders_numero_item_ordem.57d37fd8f9"} */

    
    select
      count(*) as failures,
      count(*) != 0 as should_warn,
      count(*) != 0 as should_error
    from (
      
    
  
    
    



select numero_item_ordem
from "dataforge_dw"."gold"."fct_field_orders"
where numero_item_ordem is null



  
  
      
    ) dbt_internal_test
[0m09:22:11.498752 [debug] [Thread-4 (]: Using postgres connection "test.dbt_dataforge.not_null_fct_field_orders_valor_fatura.639e7f2b62"
[0m09:22:11.500207 [debug] [Thread-4 (]: On test.dbt_dataforge.not_null_fct_field_orders_valor_fatura.639e7f2b62: /* {"app": "dbt", "dbt_version": "1.12.3", "profile_name": "dbt_dataforge", "target_name": "dev", "node_id": "test.dbt_dataforge.not_null_fct_field_orders_valor_fatura.639e7f2b62"} */

    
    select
      count(*) as failures,
      count(*) != 0 as should_warn,
      count(*) != 0 as should_error
    from (
      
    
  
    
    



select valor_fatura
from "dataforge_dw"."gold"."fct_field_orders"
where valor_fatura is null



  
  
      
    ) dbt_internal_test
[0m09:22:11.500522 [debug] [Thread-4 (]: Opening a new connection, currently in state init
[0m09:22:11.500041 [debug] [Thread-3 (]: Opening a new connection, currently in state init
[0m09:22:11.500386 [debug] [Thread-1 (]: Using postgres connection "test.dbt_dataforge.not_null_dim_customers_sk_cliente.27c3b691a6"
[0m09:22:11.500816 [debug] [Thread-1 (]: On test.dbt_dataforge.not_null_dim_customers_sk_cliente.27c3b691a6: /* {"app": "dbt", "dbt_version": "1.12.3", "profile_name": "dbt_dataforge", "target_name": "dev", "node_id": "test.dbt_dataforge.not_null_dim_customers_sk_cliente.27c3b691a6"} */

    
    select
      count(*) as failures,
      count(*) != 0 as should_warn,
      count(*) != 0 as should_error
    from (
      
    
  
    
    



select sk_cliente
from "dataforge_dw"."gold"."dim_customers"
where sk_cliente is null



  
  
      
    ) dbt_internal_test
[0m09:22:11.500968 [debug] [Thread-1 (]: Opening a new connection, currently in state closed
[0m09:22:11.508517 [debug] [Thread-2 (]: SQL status: SELECT 1 in 0.010 seconds
[0m09:22:11.510992 [debug] [Thread-2 (]: On test.dbt_dataforge.not_null_dim_locations_sk_localizacao.109d519240: ROLLBACK
[0m09:22:11.511455 [debug] [Thread-1 (]: SQL status: SELECT 1 in 0.010 seconds
[0m09:22:11.512309 [debug] [Thread-1 (]: On test.dbt_dataforge.not_null_dim_customers_sk_cliente.27c3b691a6: ROLLBACK
[0m09:22:11.511658 [debug] [Thread-2 (]: On test.dbt_dataforge.not_null_dim_locations_sk_localizacao.109d519240: Close
[0m09:22:11.512755 [info ] [Thread-2 (]: 2 of 8 PASS not_null_dim_locations_sk_localizacao .............................. [[32mPASS[0m in 0.04s]
[0m09:22:11.513170 [debug] [Thread-2 (]: Finished running node test.dbt_dataforge.not_null_dim_locations_sk_localizacao.109d519240
[0m09:22:11.513383 [debug] [Thread-2 (]: Began running node test.dbt_dataforge.relationships_fct_field_orders_sk_cliente__sk_cliente__ref_dim_customers_.841c5b59b7
[0m09:22:11.513737 [debug] [Thread-1 (]: On test.dbt_dataforge.not_null_dim_customers_sk_cliente.27c3b691a6: Close
[0m09:22:11.514189 [debug] [Thread-3 (]: SQL status: SELECT 1 in 0.014 seconds
[0m09:22:11.514920 [debug] [Thread-3 (]: On test.dbt_dataforge.not_null_fct_field_orders_numero_item_ordem.57d37fd8f9: ROLLBACK
[0m09:22:11.513918 [debug] [Thread-4 (]: SQL status: SELECT 1 in 0.013 seconds
[0m09:22:11.516372 [debug] [Thread-4 (]: On test.dbt_dataforge.not_null_fct_field_orders_valor_fatura.639e7f2b62: ROLLBACK
[0m09:22:11.516620 [debug] [Thread-3 (]: On test.dbt_dataforge.not_null_fct_field_orders_numero_item_ordem.57d37fd8f9: Close
[0m09:22:11.515365 [info ] [Thread-1 (]: 1 of 8 PASS not_null_dim_customers_sk_cliente .................................. [[32mPASS[0m in 0.04s]
[0m09:22:11.513602 [info ] [Thread-2 (]: 5 of 8 START test relationships_fct_field_orders_sk_cliente__sk_cliente__ref_dim_customers_  [RUN]
[0m09:22:11.517799 [debug] [Thread-2 (]: Re-using an available connection from the pool (formerly test.dbt_dataforge.not_null_dim_locations_sk_localizacao.109d519240, now test.dbt_dataforge.relationships_fct_field_orders_sk_cliente__sk_cliente__ref_dim_customers_.841c5b59b7)
[0m09:22:11.517970 [debug] [Thread-2 (]: Began compiling node test.dbt_dataforge.relationships_fct_field_orders_sk_cliente__sk_cliente__ref_dim_customers_.841c5b59b7
[0m09:22:11.517430 [debug] [Thread-1 (]: Finished running node test.dbt_dataforge.not_null_dim_customers_sk_cliente.27c3b691a6
[0m09:22:11.517044 [info ] [Thread-3 (]: 3 of 8 PASS not_null_fct_field_orders_numero_item_ordem ........................ [[32mPASS[0m in 0.04s]
[0m09:22:11.517597 [debug] [Thread-4 (]: On test.dbt_dataforge.not_null_fct_field_orders_valor_fatura.639e7f2b62: Close
[0m09:22:11.527249 [debug] [Thread-2 (]: Writing injected SQL for node "test.dbt_dataforge.relationships_fct_field_orders_sk_cliente__sk_cliente__ref_dim_customers_.841c5b59b7"
[0m09:22:11.527466 [debug] [Thread-1 (]: Began running node test.dbt_dataforge.unique_dim_customers_sk_cliente.3a06efd98c
[0m09:22:11.528412 [info ] [Thread-1 (]: 6 of 8 START test unique_dim_customers_sk_cliente .............................. [RUN]
[0m09:22:11.528638 [debug] [Thread-1 (]: Re-using an available connection from the pool (formerly test.dbt_dataforge.not_null_dim_customers_sk_cliente.27c3b691a6, now test.dbt_dataforge.unique_dim_customers_sk_cliente.3a06efd98c)
[0m09:22:11.528881 [debug] [Thread-1 (]: Began compiling node test.dbt_dataforge.unique_dim_customers_sk_cliente.3a06efd98c
[0m09:22:11.533563 [debug] [Thread-1 (]: Writing injected SQL for node "test.dbt_dataforge.unique_dim_customers_sk_cliente.3a06efd98c"
[0m09:22:11.527750 [debug] [Thread-3 (]: Finished running node test.dbt_dataforge.not_null_fct_field_orders_numero_item_ordem.57d37fd8f9
[0m09:22:11.528130 [info ] [Thread-4 (]: 4 of 8 PASS not_null_fct_field_orders_valor_fatura ............................. [[32mPASS[0m in 0.07s]
[0m09:22:11.535036 [debug] [Thread-4 (]: Finished running node test.dbt_dataforge.not_null_fct_field_orders_valor_fatura.639e7f2b62
[0m09:22:11.535217 [debug] [Thread-4 (]: Began running node test.dbt_dataforge.unique_fct_field_orders_numero_item_ordem.19405eb0d7
[0m09:22:11.534613 [debug] [Thread-3 (]: Began running node test.dbt_dataforge.unique_dim_locations_sk_localizacao.d0ae98dfe6
[0m09:22:11.534060 [debug] [Thread-2 (]: Began executing node test.dbt_dataforge.relationships_fct_field_orders_sk_cliente__sk_cliente__ref_dim_customers_.841c5b59b7
[0m09:22:11.537159 [debug] [Thread-2 (]: Writing runtime sql for node "test.dbt_dataforge.relationships_fct_field_orders_sk_cliente__sk_cliente__ref_dim_customers_.841c5b59b7"
[0m09:22:11.535795 [info ] [Thread-3 (]: 7 of 8 START test unique_dim_locations_sk_localizacao .......................... [RUN]
[0m09:22:11.537688 [debug] [Thread-3 (]: Re-using an available connection from the pool (formerly test.dbt_dataforge.not_null_fct_field_orders_numero_item_ordem.57d37fd8f9, now test.dbt_dataforge.unique_dim_locations_sk_localizacao.d0ae98dfe6)
[0m09:22:11.535379 [info ] [Thread-4 (]: 8 of 8 START test unique_fct_field_orders_numero_item_ordem .................... [RUN]
[0m09:22:11.538166 [debug] [Thread-4 (]: Re-using an available connection from the pool (formerly test.dbt_dataforge.not_null_fct_field_orders_valor_fatura.639e7f2b62, now test.dbt_dataforge.unique_fct_field_orders_numero_item_ordem.19405eb0d7)
[0m09:22:11.538372 [debug] [Thread-4 (]: Began compiling node test.dbt_dataforge.unique_fct_field_orders_numero_item_ordem.19405eb0d7
[0m09:22:11.542086 [debug] [Thread-4 (]: Writing injected SQL for node "test.dbt_dataforge.unique_fct_field_orders_numero_item_ordem.19405eb0d7"
[0m09:22:11.537854 [debug] [Thread-3 (]: Began compiling node test.dbt_dataforge.unique_dim_locations_sk_localizacao.d0ae98dfe6
[0m09:22:11.537450 [debug] [Thread-1 (]: Began executing node test.dbt_dataforge.unique_dim_customers_sk_cliente.3a06efd98c
[0m09:22:11.542350 [debug] [Thread-2 (]: Using postgres connection "test.dbt_dataforge.relationships_fct_field_orders_sk_cliente__sk_cliente__ref_dim_customers_.841c5b59b7"
[0m09:22:11.546525 [debug] [Thread-2 (]: On test.dbt_dataforge.relationships_fct_field_orders_sk_cliente__sk_cliente__ref_dim_customers_.841c5b59b7: /* {"app": "dbt", "dbt_version": "1.12.3", "profile_name": "dbt_dataforge", "target_name": "dev", "node_id": "test.dbt_dataforge.relationships_fct_field_orders_sk_cliente__sk_cliente__ref_dim_customers_.841c5b59b7"} */

    
    select
      count(*) as failures,
      count(*) != 0 as should_warn,
      count(*) != 0 as should_error
    from (
      
    
  
    
    

with child as (
    select sk_cliente as from_field
    from "dataforge_dw"."gold"."fct_field_orders"
    where sk_cliente is not null
),

parent as (
    select sk_cliente as to_field
    from "dataforge_dw"."gold"."dim_customers"
)

select
    from_field

from child
left join parent
    on child.from_field = parent.to_field

where parent.to_field is null



  
  
      
    ) dbt_internal_test
[0m09:22:11.546733 [debug] [Thread-2 (]: Opening a new connection, currently in state closed
[0m09:22:11.545535 [debug] [Thread-3 (]: Writing injected SQL for node "test.dbt_dataforge.unique_dim_locations_sk_localizacao.d0ae98dfe6"
[0m09:22:11.546286 [debug] [Thread-1 (]: Writing runtime sql for node "test.dbt_dataforge.unique_dim_customers_sk_cliente.3a06efd98c"
[0m09:22:11.546964 [debug] [Thread-4 (]: Began executing node test.dbt_dataforge.unique_fct_field_orders_numero_item_ordem.19405eb0d7
[0m09:22:11.547729 [debug] [Thread-4 (]: Writing runtime sql for node "test.dbt_dataforge.unique_fct_field_orders_numero_item_ordem.19405eb0d7"
[0m09:22:11.548007 [debug] [Thread-1 (]: Using postgres connection "test.dbt_dataforge.unique_dim_customers_sk_cliente.3a06efd98c"
[0m09:22:11.548341 [debug] [Thread-1 (]: On test.dbt_dataforge.unique_dim_customers_sk_cliente.3a06efd98c: /* {"app": "dbt", "dbt_version": "1.12.3", "profile_name": "dbt_dataforge", "target_name": "dev", "node_id": "test.dbt_dataforge.unique_dim_customers_sk_cliente.3a06efd98c"} */

    
    select
      count(*) as failures,
      count(*) != 0 as should_warn,
      count(*) != 0 as should_error
    from (
      
    
  
    
    

select
    sk_cliente as unique_field,
    count(*) as n_records

from "dataforge_dw"."gold"."dim_customers"
where sk_cliente is not null
group by sk_cliente
having count(*) > 1



  
  
      
    ) dbt_internal_test
[0m09:22:11.548493 [debug] [Thread-1 (]: Opening a new connection, currently in state closed
[0m09:22:11.548176 [debug] [Thread-3 (]: Began executing node test.dbt_dataforge.unique_dim_locations_sk_localizacao.d0ae98dfe6
[0m09:22:11.549284 [debug] [Thread-3 (]: Writing runtime sql for node "test.dbt_dataforge.unique_dim_locations_sk_localizacao.d0ae98dfe6"
[0m09:22:11.549498 [debug] [Thread-4 (]: Using postgres connection "test.dbt_dataforge.unique_fct_field_orders_numero_item_ordem.19405eb0d7"
[0m09:22:11.549662 [debug] [Thread-4 (]: On test.dbt_dataforge.unique_fct_field_orders_numero_item_ordem.19405eb0d7: /* {"app": "dbt", "dbt_version": "1.12.3", "profile_name": "dbt_dataforge", "target_name": "dev", "node_id": "test.dbt_dataforge.unique_fct_field_orders_numero_item_ordem.19405eb0d7"} */

    
    select
      count(*) as failures,
      count(*) != 0 as should_warn,
      count(*) != 0 as should_error
    from (
      
    
  
    
    

select
    numero_item_ordem as unique_field,
    count(*) as n_records

from "dataforge_dw"."gold"."fct_field_orders"
where numero_item_ordem is not null
group by numero_item_ordem
having count(*) > 1



  
  
      
    ) dbt_internal_test
[0m09:22:11.549815 [debug] [Thread-4 (]: Opening a new connection, currently in state closed
[0m09:22:11.550197 [debug] [Thread-3 (]: Using postgres connection "test.dbt_dataforge.unique_dim_locations_sk_localizacao.d0ae98dfe6"
[0m09:22:11.550561 [debug] [Thread-3 (]: On test.dbt_dataforge.unique_dim_locations_sk_localizacao.d0ae98dfe6: /* {"app": "dbt", "dbt_version": "1.12.3", "profile_name": "dbt_dataforge", "target_name": "dev", "node_id": "test.dbt_dataforge.unique_dim_locations_sk_localizacao.d0ae98dfe6"} */

    
    select
      count(*) as failures,
      count(*) != 0 as should_warn,
      count(*) != 0 as should_error
    from (
      
    
  
    
    

select
    sk_localizacao as unique_field,
    count(*) as n_records

from "dataforge_dw"."gold"."dim_locations"
where sk_localizacao is not null
group by sk_localizacao
having count(*) > 1



  
  
      
    ) dbt_internal_test
[0m09:22:11.550742 [debug] [Thread-3 (]: Opening a new connection, currently in state closed
[0m09:22:11.555386 [debug] [Thread-2 (]: SQL status: SELECT 1 in 0.009 seconds
[0m09:22:11.556190 [debug] [Thread-2 (]: On test.dbt_dataforge.relationships_fct_field_orders_sk_cliente__sk_cliente__ref_dim_customers_.841c5b59b7: ROLLBACK
[0m09:22:11.556363 [debug] [Thread-1 (]: SQL status: SELECT 1 in 0.008 seconds
[0m09:22:11.556977 [debug] [Thread-1 (]: On test.dbt_dataforge.unique_dim_customers_sk_cliente.3a06efd98c: ROLLBACK
[0m09:22:11.557303 [debug] [Thread-2 (]: On test.dbt_dataforge.relationships_fct_field_orders_sk_cliente__sk_cliente__ref_dim_customers_.841c5b59b7: Close
[0m09:22:11.557745 [debug] [Thread-1 (]: On test.dbt_dataforge.unique_dim_customers_sk_cliente.3a06efd98c: Close
[0m09:22:11.557594 [debug] [Thread-4 (]: SQL status: SELECT 1 in 0.008 seconds
[0m09:22:11.559017 [debug] [Thread-4 (]: On test.dbt_dataforge.unique_fct_field_orders_numero_item_ordem.19405eb0d7: ROLLBACK
[0m09:22:11.559220 [debug] [Thread-3 (]: SQL status: SELECT 1 in 0.008 seconds
[0m09:22:11.559904 [debug] [Thread-3 (]: On test.dbt_dataforge.unique_dim_locations_sk_localizacao.d0ae98dfe6: ROLLBACK
[0m09:22:11.558195 [info ] [Thread-2 (]: 5 of 8 PASS relationships_fct_field_orders_sk_cliente__sk_cliente__ref_dim_customers_  [[32mPASS[0m in 0.04s]
[0m09:22:11.560327 [debug] [Thread-2 (]: Finished running node test.dbt_dataforge.relationships_fct_field_orders_sk_cliente__sk_cliente__ref_dim_customers_.841c5b59b7
[0m09:22:11.558407 [info ] [Thread-1 (]: 6 of 8 PASS unique_dim_customers_sk_cliente .................................... [[32mPASS[0m in 0.03s]
[0m09:22:11.560602 [debug] [Thread-1 (]: Finished running node test.dbt_dataforge.unique_dim_customers_sk_cliente.3a06efd98c
[0m09:22:11.560070 [debug] [Thread-4 (]: On test.dbt_dataforge.unique_fct_field_orders_numero_item_ordem.19405eb0d7: Close
[0m09:22:11.560758 [debug] [Thread-3 (]: On test.dbt_dataforge.unique_dim_locations_sk_localizacao.d0ae98dfe6: Close
[0m09:22:11.561188 [info ] [Thread-4 (]: 8 of 8 PASS unique_fct_field_orders_numero_item_ordem .......................... [[32mPASS[0m in 0.02s]
[0m09:22:11.561437 [debug] [Thread-4 (]: Finished running node test.dbt_dataforge.unique_fct_field_orders_numero_item_ordem.19405eb0d7
[0m09:22:11.561676 [info ] [Thread-3 (]: 7 of 8 PASS unique_dim_locations_sk_localizacao ................................ [[32mPASS[0m in 0.02s]
[0m09:22:11.561914 [debug] [Thread-3 (]: Finished running node test.dbt_dataforge.unique_dim_locations_sk_localizacao.d0ae98dfe6
[0m09:22:11.563114 [debug] [MainThread]: On master: COMMIT
[0m09:22:11.563283 [debug] [MainThread]: Using postgres connection "master"
[0m09:22:11.563404 [debug] [MainThread]: On master: COMMIT
[0m09:22:11.563510 [debug] [MainThread]: Opening a new connection, currently in state closed
[0m09:22:11.571890 [debug] [MainThread]: SQL status: COMMIT in 0.008 seconds
[0m09:22:11.572325 [debug] [MainThread]: On master: Close
[0m09:22:11.572639 [debug] [MainThread]: Connection 'master' was properly closed.
[0m09:22:11.572785 [debug] [MainThread]: Connection 'test.dbt_dataforge.unique_dim_customers_sk_cliente.3a06efd98c' was properly closed.
[0m09:22:11.573235 [debug] [MainThread]: Connection 'test.dbt_dataforge.unique_fct_field_orders_numero_item_ordem.19405eb0d7' was properly closed.
[0m09:22:11.573392 [debug] [MainThread]: Connection 'test.dbt_dataforge.relationships_fct_field_orders_sk_cliente__sk_cliente__ref_dim_customers_.841c5b59b7' was properly closed.
[0m09:22:11.573514 [debug] [MainThread]: Connection 'test.dbt_dataforge.unique_dim_locations_sk_localizacao.d0ae98dfe6' was properly closed.
[0m09:22:11.573712 [info ] [MainThread]: 
[0m09:22:11.573909 [info ] [MainThread]: Finished running 8 data tests in 0 hours 0 minutes and 0.23 seconds (0.23s).
[0m09:22:11.574852 [debug] [MainThread]: Command end result
[0m09:22:11.595018 [debug] [MainThread]: Wrote artifact WritableManifest to /Users/guilhermemiguel/Documents/Projetos_Treinamento/projeto-dataforge/dbt_dataforge/target/manifest.json
[0m09:22:11.596861 [debug] [MainThread]: Wrote artifact SemanticManifest to /Users/guilhermemiguel/Documents/Projetos_Treinamento/projeto-dataforge/dbt_dataforge/target/semantic_manifest.json
[0m09:22:11.598173 [debug] [MainThread]: Wrote artifact OsiDocument to /Users/guilhermemiguel/Documents/Projetos_Treinamento/projeto-dataforge/dbt_dataforge/target/osi_document.json
[0m09:22:11.602602 [debug] [MainThread]: Wrote artifact RunExecutionResult to /Users/guilhermemiguel/Documents/Projetos_Treinamento/projeto-dataforge/dbt_dataforge/target/run_results.json
[0m09:22:11.602746 [info ] [MainThread]: 
[0m09:22:11.602913 [info ] [MainThread]: [32mCompleted successfully[0m
[0m09:22:11.603041 [info ] [MainThread]: 
[0m09:22:11.603183 [info ] [MainThread]: Done. PASS=8 WARN=0 ERROR=0 SKIP=0 NO-OP=0 REUSED=0 TOTAL=8
[0m09:22:11.605707 [debug] [MainThread]: Resource report: {"command_name": "test", "command_success": true, "command_wall_clock_time": 0.7813319, "process_in_blocks": "0", "process_kernel_time": 0.305471, "process_mem_max_rss": "208060416", "process_out_blocks": "0", "process_user_time": 1.543699}
[0m09:22:11.606041 [debug] [MainThread]: Command `dbt test` succeeded at 09:22:11.605983 after 0.78 seconds
[0m09:22:11.606260 [debug] [MainThread]: Sending event: {'category': 'dbt', 'action': 'invocation', 'label': 'end', 'context': [<snowplow_tracker.self_describing_json.SelfDescribingJson object at 0x10d8ecc50>, <snowplow_tracker.self_describing_json.SelfDescribingJson object at 0x10d8c3280>, <snowplow_tracker.self_describing_json.SelfDescribingJson object at 0x10d8c36a0>]}
[0m09:22:11.606476 [debug] [MainThread]: Flushing usage events
[0m09:22:12.137384 [debug] [MainThread]: An error was encountered while trying to flush usage events
[0m11:18:39.959710 [debug] [MainThread]: Sending event: {'category': 'dbt', 'action': 'invocation', 'label': 'start', 'context': [<snowplow_tracker.self_describing_json.SelfDescribingJson object at 0x10b039e80>, <snowplow_tracker.self_describing_json.SelfDescribingJson object at 0x10c822ad0>, <snowplow_tracker.self_describing_json.SelfDescribingJson object at 0x10c822850>]}


============================== 11:18:39.962551 | 6d649855-4b65-4dd1-bdc6-a977f1a0f33c ==============================
[0m11:18:39.962551 [info ] [MainThread]: Running with dbt=1.12.3
[0m11:18:39.962859 [debug] [MainThread]: running dbt with arguments {'version_check': 'True', 'log_format': 'default', 'fail_fast': 'False', 'send_anonymous_usage_stats': 'True', 'static_parser': 'True', 'use_experimental_parser': 'False', 'cache_selected_only': 'False', 'use_colors': 'True', 'no_print': 'None', 'target_path': 'None', 'introspect': 'True', 'hints_enabled': 'True', 'debug': 'False', 'invocation_command': 'dbt run --profiles-dir .', 'partial_parse': 'True', 'warn_error': 'None', 'indirect_selection': 'eager', 'profiles_dir': '.', 'printer_width': '80', 'maximum_seed_size_mib': '1', 'log_cache_events': 'False', 'warn_error_options': 'WarnErrorOptionsV2(error=[], warn=[], silence=[])', 'write_json': 'True', 'empty': 'False', 'log_path': '/Users/guilhermemiguel/Documents/Projetos_Treinamento/projeto-dataforge/dbt_dataforge/logs', 'quiet': 'False'}
[0m11:18:40.054761 [debug] [MainThread]: Sending event: {'category': 'dbt', 'action': 'project_id', 'label': '6d649855-4b65-4dd1-bdc6-a977f1a0f33c', 'context': [<snowplow_tracker.self_describing_json.SelfDescribingJson object at 0x10c7a28b0>]}
[0m11:18:40.083819 [debug] [MainThread]: Sending event: {'category': 'dbt', 'action': 'adapter_info', 'label': '6d649855-4b65-4dd1-bdc6-a977f1a0f33c', 'context': [<snowplow_tracker.self_describing_json.SelfDescribingJson object at 0x10b9e39b0>]}
[0m11:18:40.084559 [info ] [MainThread]: Registered adapter: postgres=1.11.0
[0m11:18:40.136707 [debug] [MainThread]: checksum: cde570ccdd9444cf5232fa71678728c598e2e34096a2d1a5ad46a5d547f48a01, vars: {}, profile: dbt_dataforge, target: dev, version: 1.12.3
[0m11:18:40.224732 [debug] [MainThread]: Partial parsing enabled: 0 files deleted, 0 files added, 0 files changed.
[0m11:18:40.224952 [debug] [MainThread]: Nothing changed, skipping partial parsing.
[0m11:18:40.225066 [debug] [MainThread]: Partial parsing enabled, no changes found, skipping parsing
[0m11:18:40.229673 [debug] [MainThread]: Sending event: {'category': 'dbt', 'action': 'load_project', 'label': '6d649855-4b65-4dd1-bdc6-a977f1a0f33c', 'context': [<snowplow_tracker.self_describing_json.SelfDescribingJson object at 0x10d91b650>]}
[0m11:18:40.298267 [debug] [MainThread]: Wrote artifact WritableManifest to /Users/guilhermemiguel/Documents/Projetos_Treinamento/projeto-dataforge/dbt_dataforge/target/manifest.json
[0m11:18:40.300427 [debug] [MainThread]: Wrote artifact SemanticManifest to /Users/guilhermemiguel/Documents/Projetos_Treinamento/projeto-dataforge/dbt_dataforge/target/semantic_manifest.json
[0m11:18:40.311554 [debug] [MainThread]: Wrote artifact OsiDocument to /Users/guilhermemiguel/Documents/Projetos_Treinamento/projeto-dataforge/dbt_dataforge/target/osi_document.json
[0m11:18:40.317819 [debug] [MainThread]: Sending event: {'category': 'dbt', 'action': 'resource_counts', 'label': '6d649855-4b65-4dd1-bdc6-a977f1a0f33c', 'context': [<snowplow_tracker.self_describing_json.SelfDescribingJson object at 0x10db707d0>]}
[0m11:18:40.318045 [info ] [MainThread]: Found 5 models, 8 data tests, 2 sources, 477 macros
[0m11:18:40.318188 [debug] [MainThread]: Sending event: {'category': 'dbt', 'action': 'runnable_timing', 'label': '6d649855-4b65-4dd1-bdc6-a977f1a0f33c', 'context': [<snowplow_tracker.self_describing_json.SelfDescribingJson object at 0x10db7a510>]}
[0m11:18:40.319209 [info ] [MainThread]: 
[0m11:18:40.319363 [info ] [MainThread]: Concurrency: 4 threads (target='dev')
[0m11:18:40.319475 [info ] [MainThread]: 
[0m11:18:40.319712 [debug] [MainThread]: Acquiring new postgres connection 'master'
[0m11:18:40.321572 [debug] [ThreadPool]: Acquiring new postgres connection 'list_dataforge_dw'
[0m11:18:40.350227 [debug] [ThreadPool]: Using postgres connection "list_dataforge_dw"
[0m11:18:40.350397 [debug] [ThreadPool]: On list_dataforge_dw: /* {"app": "dbt", "dbt_version": "1.12.3", "profile_name": "dbt_dataforge", "target_name": "dev", "connection_name": "list_dataforge_dw"} */

    select distinct nspname from pg_namespace
  
[0m11:18:40.350522 [debug] [ThreadPool]: Opening a new connection, currently in state init
[0m11:18:40.380859 [debug] [ThreadPool]: SQL status: SELECT 6 in 0.030 seconds
[0m11:18:40.381466 [debug] [ThreadPool]: On list_dataforge_dw: Close
[0m11:18:40.382163 [debug] [ThreadPool]: Re-using an available connection from the pool (formerly list_dataforge_dw, now list_dataforge_dw_gold)
[0m11:18:40.384861 [debug] [ThreadPool]: Using postgres connection "list_dataforge_dw_gold"
[0m11:18:40.385056 [debug] [ThreadPool]: On list_dataforge_dw_gold: /* {"app": "dbt", "dbt_version": "1.12.3", "profile_name": "dbt_dataforge", "target_name": "dev", "connection_name": "list_dataforge_dw_gold"} */
select
      'dataforge_dw' as database,
      tablename as name,
      schemaname as schema,
      'table' as type
    from pg_tables
    where schemaname ilike 'gold'
    union all
    select
      'dataforge_dw' as database,
      viewname as name,
      schemaname as schema,
      'view' as type
    from pg_views
    where schemaname ilike 'gold'
    union all
    select
      'dataforge_dw' as database,
      matviewname as name,
      schemaname as schema,
      'materialized_view' as type
    from pg_matviews
    where schemaname ilike 'gold'
    union all
    select distinct
     'dataforge_dw' as database,
     proname as name,
     ns.nspname as schema,
     'function' as type
    from pg_proc
     join pg_namespace as ns on pronamespace = ns.oid
    where ns.nspname ilike 'gold'
  
[0m11:18:40.385208 [debug] [ThreadPool]: Opening a new connection, currently in state closed
[0m11:18:40.397159 [debug] [ThreadPool]: SQL status: SELECT 5 in 0.012 seconds
[0m11:18:40.397756 [debug] [ThreadPool]: On list_dataforge_dw_gold: ROLLBACK
[0m11:18:40.398166 [debug] [ThreadPool]: On list_dataforge_dw_gold: Close
[0m11:18:40.400332 [debug] [MainThread]: Using postgres connection "master"
[0m11:18:40.400542 [debug] [MainThread]: On master: /* {"app": "dbt", "dbt_version": "1.12.3", "profile_name": "dbt_dataforge", "target_name": "dev", "connection_name": "master"} */
select distinct
        dependent_namespace.nspname as dependent_schema,
        dependent_class.relname as dependent_name,
        referenced_namespace.nspname as referenced_schema,
        referenced_class.relname as referenced_name

    -- Query for views: views are entries in pg_class with an entry in pg_rewrite, but we avoid
    -- a seq scan on pg_rewrite by leveraging the fact there is an "internal" row in pg_depend for
    -- the view...
    from pg_class as dependent_class
    join pg_namespace as dependent_namespace on dependent_namespace.oid = dependent_class.relnamespace
    join pg_depend as dependent_depend on dependent_depend.refobjid = dependent_class.oid
        and dependent_depend.classid = 'pg_rewrite'::regclass
        and dependent_depend.refclassid = 'pg_class'::regclass
        and dependent_depend.deptype = 'i'

    -- ... and via pg_depend (that has a row per column, hence the need for "distinct" above, and
    -- making sure to exclude the internal row to avoid a view appearing to depend on itself)...
    join pg_depend as joining_depend on joining_depend.objid = dependent_depend.objid
        and joining_depend.classid = 'pg_rewrite'::regclass
        and joining_depend.refclassid = 'pg_class'::regclass
        and joining_depend.refobjid != dependent_depend.refobjid

    -- ... we can find the tables they query from in pg_class, but excluding system tables. Note we
    -- don't need need to exclude _dependent_ system tables, because they only query from other
    -- system tables, and so are automatically excluded by excluding _referenced_ system tables
    join pg_class as referenced_class on referenced_class.oid = joining_depend.refobjid
    join pg_namespace as referenced_namespace on referenced_namespace.oid = referenced_class.relnamespace
        and referenced_namespace.nspname != 'information_schema'
        and referenced_namespace.nspname not like 'pg\_%'

    order by
        dependent_schema, dependent_name, referenced_schema, referenced_name;
[0m11:18:40.400732 [debug] [MainThread]: Opening a new connection, currently in state init
[0m11:18:40.410560 [debug] [MainThread]: SQL status: SELECT 2 in 0.010 seconds
[0m11:18:40.411124 [debug] [MainThread]: Sending event: {'category': 'dbt', 'action': 'runnable_timing', 'label': '6d649855-4b65-4dd1-bdc6-a977f1a0f33c', 'context': [<snowplow_tracker.self_describing_json.SelfDescribingJson object at 0x10dd131e0>]}
[0m11:18:40.411352 [debug] [MainThread]: On master: ROLLBACK
[0m11:18:40.411756 [debug] [MainThread]: On master: COMMIT
[0m11:18:40.411888 [debug] [MainThread]: Using postgres connection "master"
[0m11:18:40.412005 [debug] [MainThread]: On master: COMMIT
[0m11:18:40.413032 [debug] [MainThread]: SQL status: COMMIT in 0.001 seconds
[0m11:18:40.413176 [debug] [MainThread]: On master: Close
[0m11:18:40.414967 [debug] [Thread-1 (]: Began running node model.dbt_dataforge.stg_customers
[0m11:18:40.415492 [info ] [Thread-1 (]: 1 of 5 START sql view model gold.stg_customers ................................. [RUN]
[0m11:18:40.415757 [debug] [Thread-1 (]: Re-using an available connection from the pool (formerly list_dataforge_dw_gold, now model.dbt_dataforge.stg_customers)
[0m11:18:40.415940 [debug] [Thread-1 (]: Began compiling node model.dbt_dataforge.stg_customers
[0m11:18:40.419398 [debug] [Thread-1 (]: Writing injected SQL for node "model.dbt_dataforge.stg_customers"
[0m11:18:40.420036 [debug] [Thread-1 (]: Began executing node model.dbt_dataforge.stg_customers
[0m11:18:40.415216 [debug] [Thread-2 (]: Began running node model.dbt_dataforge.stg_field_orders
[0m11:18:40.430637 [info ] [Thread-2 (]: 2 of 5 START sql view model gold.stg_field_orders .............................. [RUN]
[0m11:18:40.431798 [debug] [Thread-2 (]: Acquiring new postgres connection 'model.dbt_dataforge.stg_field_orders'
[0m11:18:40.432283 [debug] [Thread-2 (]: Began compiling node model.dbt_dataforge.stg_field_orders
[0m11:18:40.434128 [debug] [Thread-2 (]: Writing injected SQL for node "model.dbt_dataforge.stg_field_orders"
[0m11:18:40.454808 [debug] [Thread-1 (]: Writing runtime sql for node "model.dbt_dataforge.stg_customers"
[0m11:18:40.455339 [debug] [Thread-1 (]: Using postgres connection "model.dbt_dataforge.stg_customers"
[0m11:18:40.455744 [debug] [Thread-1 (]: On model.dbt_dataforge.stg_customers: /* {"app": "dbt", "dbt_version": "1.12.3", "profile_name": "dbt_dataforge", "target_name": "dev", "node_id": "model.dbt_dataforge.stg_customers"} */

  create view "dataforge_dw"."gold"."stg_customers__dbt_tmp"
    
    
  as (
    with source_data as (
    select * from "dataforge_dw"."raw_silver"."customers"
)

select
    id as customer_id,
    first_name,
    last_name,
    email,
    age
from source_data
  );
[0m11:18:40.455948 [debug] [Thread-1 (]: Opening a new connection, currently in state closed
[0m11:18:40.455540 [debug] [Thread-2 (]: Began executing node model.dbt_dataforge.stg_field_orders
[0m11:18:40.457398 [debug] [Thread-2 (]: Writing runtime sql for node "model.dbt_dataforge.stg_field_orders"
[0m11:18:40.457903 [debug] [Thread-2 (]: Using postgres connection "model.dbt_dataforge.stg_field_orders"
[0m11:18:40.458117 [debug] [Thread-2 (]: On model.dbt_dataforge.stg_field_orders: /* {"app": "dbt", "dbt_version": "1.12.3", "profile_name": "dbt_dataforge", "target_name": "dev", "node_id": "model.dbt_dataforge.stg_field_orders"} */

  create view "dataforge_dw"."gold"."stg_field_orders__dbt_tmp"
    
    
  as (
    with source_data as (
    select * from "dataforge_dw"."raw_silver"."field_orders"
)

select
    -- Identificadores e Chaves
    ordem_id::text as numero_item_ordem,
    contratos::text as contrato,
    LPAD(ordem_id::text, 8, '0') as instalacao,
    
    -- Dados do Cliente
    nome_cliente::text as nome_cliente,
    
    -- Métricas e Faturamento
    val_fat::numeric(10, 2) as valor_fatura,
    hora_leitura::time as hora_leitura,
    latitude::numeric(9, 6) as latitude,
    longitude::numeric(9, 6) as longitude,
    status_leitura::text as status_leitura

from source_data
  );
[0m11:18:40.458295 [debug] [Thread-2 (]: Opening a new connection, currently in state init
[0m11:18:40.465081 [debug] [Thread-1 (]: SQL status: CREATE VIEW in 0.009 seconds
[0m11:18:40.468373 [debug] [Thread-1 (]: Using postgres connection "model.dbt_dataforge.stg_customers"
[0m11:18:40.468767 [debug] [Thread-1 (]: On model.dbt_dataforge.stg_customers: /* {"app": "dbt", "dbt_version": "1.12.3", "profile_name": "dbt_dataforge", "target_name": "dev", "node_id": "model.dbt_dataforge.stg_customers"} */
alter table "dataforge_dw"."gold"."stg_customers" rename to "stg_customers__dbt_backup"
[0m11:18:40.468570 [debug] [Thread-2 (]: SQL status: CREATE VIEW in 0.010 seconds
[0m11:18:40.469901 [debug] [Thread-2 (]: Using postgres connection "model.dbt_dataforge.stg_field_orders"
[0m11:18:40.470230 [debug] [Thread-2 (]: On model.dbt_dataforge.stg_field_orders: /* {"app": "dbt", "dbt_version": "1.12.3", "profile_name": "dbt_dataforge", "target_name": "dev", "node_id": "model.dbt_dataforge.stg_field_orders"} */
alter table "dataforge_dw"."gold"."stg_field_orders" rename to "stg_field_orders__dbt_backup"
[0m11:18:40.470068 [debug] [Thread-1 (]: SQL status: ALTER TABLE in 0.001 seconds
[0m11:18:40.471172 [debug] [Thread-1 (]: Using postgres connection "model.dbt_dataforge.stg_customers"
[0m11:18:40.471506 [debug] [Thread-1 (]: On model.dbt_dataforge.stg_customers: /* {"app": "dbt", "dbt_version": "1.12.3", "profile_name": "dbt_dataforge", "target_name": "dev", "node_id": "model.dbt_dataforge.stg_customers"} */
alter table "dataforge_dw"."gold"."stg_customers__dbt_tmp" rename to "stg_customers"
[0m11:18:40.471348 [debug] [Thread-2 (]: SQL status: ALTER TABLE in 0.001 seconds
[0m11:18:40.472560 [debug] [Thread-2 (]: Using postgres connection "model.dbt_dataforge.stg_field_orders"
[0m11:18:40.472895 [debug] [Thread-2 (]: On model.dbt_dataforge.stg_field_orders: /* {"app": "dbt", "dbt_version": "1.12.3", "profile_name": "dbt_dataforge", "target_name": "dev", "node_id": "model.dbt_dataforge.stg_field_orders"} */
alter table "dataforge_dw"."gold"."stg_field_orders__dbt_tmp" rename to "stg_field_orders"
[0m11:18:40.472743 [debug] [Thread-1 (]: SQL status: ALTER TABLE in 0.001 seconds
[0m11:18:40.479928 [debug] [Thread-2 (]: SQL status: ALTER TABLE in 0.007 seconds
[0m11:18:40.485741 [debug] [Thread-2 (]: On model.dbt_dataforge.stg_field_orders: COMMIT
[0m11:18:40.486429 [debug] [Thread-2 (]: Using postgres connection "model.dbt_dataforge.stg_field_orders"
[0m11:18:40.486802 [debug] [Thread-2 (]: On model.dbt_dataforge.stg_field_orders: COMMIT
[0m11:18:40.483030 [debug] [Thread-1 (]: On model.dbt_dataforge.stg_customers: COMMIT
[0m11:18:40.488367 [debug] [Thread-1 (]: Using postgres connection "model.dbt_dataforge.stg_customers"
[0m11:18:40.488576 [debug] [Thread-1 (]: On model.dbt_dataforge.stg_customers: COMMIT
[0m11:18:40.489133 [debug] [Thread-2 (]: SQL status: COMMIT in 0.002 seconds
[0m11:18:40.492302 [debug] [Thread-2 (]: Applying DROP to: "dataforge_dw"."gold"."stg_field_orders__dbt_backup"
[0m11:18:40.495263 [debug] [Thread-2 (]: Using postgres connection "model.dbt_dataforge.stg_field_orders"
[0m11:18:40.492911 [debug] [Thread-1 (]: SQL status: COMMIT in 0.004 seconds
[0m11:18:40.496239 [debug] [Thread-1 (]: Applying DROP to: "dataforge_dw"."gold"."stg_customers__dbt_backup"
[0m11:18:40.496562 [debug] [Thread-1 (]: Using postgres connection "model.dbt_dataforge.stg_customers"
[0m11:18:40.495465 [debug] [Thread-2 (]: On model.dbt_dataforge.stg_field_orders: /* {"app": "dbt", "dbt_version": "1.12.3", "profile_name": "dbt_dataforge", "target_name": "dev", "node_id": "model.dbt_dataforge.stg_field_orders"} */
drop view if exists "dataforge_dw"."gold"."stg_field_orders__dbt_backup" cascade
[0m11:18:40.496716 [debug] [Thread-1 (]: On model.dbt_dataforge.stg_customers: /* {"app": "dbt", "dbt_version": "1.12.3", "profile_name": "dbt_dataforge", "target_name": "dev", "node_id": "model.dbt_dataforge.stg_customers"} */
drop view if exists "dataforge_dw"."gold"."stg_customers__dbt_backup" cascade
[0m11:18:40.498470 [debug] [Thread-1 (]: SQL status: DROP VIEW in 0.002 seconds
[0m11:18:40.499773 [debug] [Thread-1 (]: On model.dbt_dataforge.stg_customers: Close
[0m11:18:40.499955 [debug] [Thread-2 (]: SQL status: DROP VIEW in 0.003 seconds
[0m11:18:40.500589 [debug] [Thread-2 (]: On model.dbt_dataforge.stg_field_orders: Close
[0m11:18:40.502399 [debug] [Thread-1 (]: Sending event: {'category': 'dbt', 'action': 'run_model', 'label': '6d649855-4b65-4dd1-bdc6-a977f1a0f33c', 'context': [<snowplow_tracker.self_describing_json.SelfDescribingJson object at 0x10db7e8d0>]}
[0m11:18:40.502564 [debug] [Thread-2 (]: Sending event: {'category': 'dbt', 'action': 'run_model', 'label': '6d649855-4b65-4dd1-bdc6-a977f1a0f33c', 'context': [<snowplow_tracker.self_describing_json.SelfDescribingJson object at 0x10de8bb70>]}
[0m11:18:40.502877 [info ] [Thread-1 (]: 1 of 5 OK created sql view model gold.stg_customers ............................ [[32mCREATE VIEW[0m in 0.09s]
[0m11:18:40.503430 [debug] [Thread-1 (]: Finished running node model.dbt_dataforge.stg_customers
[0m11:18:40.503195 [info ] [Thread-2 (]: 2 of 5 OK created sql view model gold.stg_field_orders ......................... [[32mCREATE VIEW[0m in 0.07s]
[0m11:18:40.503747 [debug] [Thread-2 (]: Finished running node model.dbt_dataforge.stg_field_orders
[0m11:18:40.504060 [debug] [Thread-4 (]: Began running node model.dbt_dataforge.dim_locations
[0m11:18:40.504612 [info ] [Thread-4 (]: 4 of 5 START sql table model gold.dim_locations ................................ [RUN]
[0m11:18:40.504861 [debug] [Thread-4 (]: Acquiring new postgres connection 'model.dbt_dataforge.dim_locations'
[0m11:18:40.505004 [debug] [Thread-4 (]: Began compiling node model.dbt_dataforge.dim_locations
[0m11:18:40.505957 [debug] [Thread-4 (]: Writing injected SQL for node "model.dbt_dataforge.dim_locations"
[0m11:18:40.504231 [debug] [Thread-1 (]: Began running node model.dbt_dataforge.fct_field_orders
[0m11:18:40.504423 [debug] [Thread-3 (]: Began running node model.dbt_dataforge.dim_customers
[0m11:18:40.506394 [info ] [Thread-3 (]: 3 of 5 START sql table model gold.dim_customers ................................ [RUN]
[0m11:18:40.506614 [debug] [Thread-3 (]: Acquiring new postgres connection 'model.dbt_dataforge.dim_customers'
[0m11:18:40.506754 [debug] [Thread-3 (]: Began compiling node model.dbt_dataforge.dim_customers
[0m11:18:40.507716 [debug] [Thread-3 (]: Writing injected SQL for node "model.dbt_dataforge.dim_customers"
[0m11:18:40.506188 [info ] [Thread-1 (]: 5 of 5 START sql table model gold.fct_field_orders ............................. [RUN]
[0m11:18:40.508011 [debug] [Thread-1 (]: Re-using an available connection from the pool (formerly model.dbt_dataforge.stg_customers, now model.dbt_dataforge.fct_field_orders)
[0m11:18:40.508341 [debug] [Thread-1 (]: Began compiling node model.dbt_dataforge.fct_field_orders
[0m11:18:40.509145 [debug] [Thread-1 (]: Writing injected SQL for node "model.dbt_dataforge.fct_field_orders"
[0m11:18:40.508196 [debug] [Thread-4 (]: Began executing node model.dbt_dataforge.dim_locations
[0m11:18:40.509341 [debug] [Thread-3 (]: Began executing node model.dbt_dataforge.dim_customers
[0m11:18:40.520725 [debug] [Thread-3 (]: Writing runtime sql for node "model.dbt_dataforge.dim_customers"
[0m11:18:40.519528 [debug] [Thread-4 (]: Writing runtime sql for node "model.dbt_dataforge.dim_locations"
[0m11:18:40.521056 [debug] [Thread-1 (]: Began executing node model.dbt_dataforge.fct_field_orders
[0m11:18:40.522137 [debug] [Thread-1 (]: Writing runtime sql for node "model.dbt_dataforge.fct_field_orders"
[0m11:18:40.522430 [debug] [Thread-4 (]: Using postgres connection "model.dbt_dataforge.dim_locations"
[0m11:18:40.522807 [debug] [Thread-4 (]: On model.dbt_dataforge.dim_locations: /* {"app": "dbt", "dbt_version": "1.12.3", "profile_name": "dbt_dataforge", "target_name": "dev", "node_id": "model.dbt_dataforge.dim_locations"} */

  
    

  create  table "dataforge_dw"."gold"."dim_locations__dbt_tmp"
  
  
    as
  
  (
    -- models/marts/dim_locations.sql                                                               
    with distinct_locations as (                                                                    
        select distinct                                                                             
            latitude,                                                                               
            longitude                                                                               
        from "dataforge_dw"."gold"."stg_field_orders"                                                          
        where latitude is not null and longitude is not null                                        
    )                                                                                               
                                                                                                    
    select                                                                                          
        -- Chave Substituta para a Localização Geográfica                                           
        md5(concat(latitude::text, '_', longitude::text)) as sk_localizacao,                        
        latitude,                                                                                   
        longitude                                                                                   
                                                                                                    
    from distinct_locations
  );
  
[0m11:18:40.523028 [debug] [Thread-4 (]: Opening a new connection, currently in state init
[0m11:18:40.522610 [debug] [Thread-3 (]: Using postgres connection "model.dbt_dataforge.dim_customers"
[0m11:18:40.523475 [debug] [Thread-3 (]: On model.dbt_dataforge.dim_customers: /* {"app": "dbt", "dbt_version": "1.12.3", "profile_name": "dbt_dataforge", "target_name": "dev", "node_id": "model.dbt_dataforge.dim_customers"} */

  
    

  create  table "dataforge_dw"."gold"."dim_customers__dbt_tmp"
  
  
    as
  
  (
    -- models/marts/dim_customers.sql                                                               
    with orders_customers as (                                                                      
        select distinct                                                                             
            contrato,                                                                               
            nome_cliente                                                                            
        from "dataforge_dw"."gold"."stg_field_orders"                                                          
    ),                                                                                              
                                                                                                    
    api_customers as (                                                                              
        select                                                                                      
            customer_id,                                                                            
            first_name,                                                                             
            last_name,                                                                              
            email,                                                                                  
            age                                                                                     
        from "dataforge_dw"."gold"."stg_customers"                                                             
    )                                                                                               
                                                                                                    
    select                                                                                          
        -- Cria uma Chave Substituta (Surrogate Key) para o Cliente                                 
        md5(o.contrato) as sk_cliente,                                                              
        o.contrato as id_contrato,                                                                  
        o.nome_cliente,                                                                             
        c.email,                                                                                    
        c.age as idade                                                                              
                                                                                                    
    from orders_customers o                                                                         
    left join api_customers c                                                                       
        on lower(split_part(o.nome_cliente, ' ', 1)) = lower(c.first_name)
  );
  
[0m11:18:40.523691 [debug] [Thread-3 (]: Opening a new connection, currently in state init
[0m11:18:40.523250 [debug] [Thread-1 (]: Using postgres connection "model.dbt_dataforge.fct_field_orders"
[0m11:18:40.523940 [debug] [Thread-1 (]: On model.dbt_dataforge.fct_field_orders: /* {"app": "dbt", "dbt_version": "1.12.3", "profile_name": "dbt_dataforge", "target_name": "dev", "node_id": "model.dbt_dataforge.fct_field_orders"} */

  
    

  create  table "dataforge_dw"."gold"."fct_field_orders__dbt_tmp"
  
  
    as
  
  (
    with stg_orders as (                                                                            
        select * from "dataforge_dw"."gold"."stg_field_orders"                                                 
    )                                                                                               
                                                                                                    
    select                                                                                          
        -- Chave Primária da Ordem                                                                  
        numero_item_ordem,                                                                          
                                                                                                    
        -- Chaves Estrangeiras (FKs) ligando com as Dimensões!                                      
        md5(contrato) as sk_cliente,                                                                
        md5(concat(latitude::text, '_', longitude::text)) as sk_localizacao,                        
                                                                                                    
        -- Métricas e Fatos                                                                         
        instalacao,                                                                                 
        valor_fatura,                                                                               
        hora_leitura,                                                                               
        status_leitura,                                                                             
                                                                                                    
        -- Data de Carga no Data Warehouse                                                          
        current_timestamp as data_processamento_dw                                                  
                                                                                                    
    from stg_orders
  );
  
[0m11:18:40.524146 [debug] [Thread-1 (]: Opening a new connection, currently in state closed
[0m11:18:40.538908 [debug] [Thread-3 (]: SQL status: SELECT 70 in 0.015 seconds
[0m11:18:40.542507 [debug] [Thread-3 (]: Using postgres connection "model.dbt_dataforge.dim_customers"
[0m11:18:40.543074 [debug] [Thread-3 (]: On model.dbt_dataforge.dim_customers: /* {"app": "dbt", "dbt_version": "1.12.3", "profile_name": "dbt_dataforge", "target_name": "dev", "node_id": "model.dbt_dataforge.dim_customers"} */
alter table "dataforge_dw"."gold"."dim_customers" rename to "dim_customers__dbt_backup"
[0m11:18:40.542912 [debug] [Thread-4 (]: SQL status: SELECT 70 in 0.020 seconds
[0m11:18:40.544518 [debug] [Thread-4 (]: Using postgres connection "model.dbt_dataforge.dim_locations"
[0m11:18:40.544835 [debug] [Thread-4 (]: On model.dbt_dataforge.dim_locations: /* {"app": "dbt", "dbt_version": "1.12.3", "profile_name": "dbt_dataforge", "target_name": "dev", "node_id": "model.dbt_dataforge.dim_locations"} */
alter table "dataforge_dw"."gold"."dim_locations" rename to "dim_locations__dbt_backup"
[0m11:18:40.542734 [debug] [Thread-1 (]: SQL status: SELECT 70 in 0.019 seconds
[0m11:18:40.545873 [debug] [Thread-1 (]: Using postgres connection "model.dbt_dataforge.fct_field_orders"
[0m11:18:40.544683 [debug] [Thread-3 (]: SQL status: ALTER TABLE in 0.001 seconds
[0m11:18:40.547115 [debug] [Thread-3 (]: Using postgres connection "model.dbt_dataforge.dim_customers"
[0m11:18:40.547277 [debug] [Thread-3 (]: On model.dbt_dataforge.dim_customers: /* {"app": "dbt", "dbt_version": "1.12.3", "profile_name": "dbt_dataforge", "target_name": "dev", "node_id": "model.dbt_dataforge.dim_customers"} */
alter table "dataforge_dw"."gold"."dim_customers__dbt_tmp" rename to "dim_customers"
[0m11:18:40.546035 [debug] [Thread-4 (]: SQL status: ALTER TABLE in 0.001 seconds
[0m11:18:40.546179 [debug] [Thread-1 (]: On model.dbt_dataforge.fct_field_orders: /* {"app": "dbt", "dbt_version": "1.12.3", "profile_name": "dbt_dataforge", "target_name": "dev", "node_id": "model.dbt_dataforge.fct_field_orders"} */
alter table "dataforge_dw"."gold"."fct_field_orders" rename to "fct_field_orders__dbt_backup"
[0m11:18:40.548138 [debug] [Thread-4 (]: Using postgres connection "model.dbt_dataforge.dim_locations"
[0m11:18:40.548454 [debug] [Thread-4 (]: On model.dbt_dataforge.dim_locations: /* {"app": "dbt", "dbt_version": "1.12.3", "profile_name": "dbt_dataforge", "target_name": "dev", "node_id": "model.dbt_dataforge.dim_locations"} */
alter table "dataforge_dw"."gold"."dim_locations__dbt_tmp" rename to "dim_locations"
[0m11:18:40.548295 [debug] [Thread-3 (]: SQL status: ALTER TABLE in 0.001 seconds
[0m11:18:40.549161 [debug] [Thread-3 (]: On model.dbt_dataforge.dim_customers: COMMIT
[0m11:18:40.549470 [debug] [Thread-3 (]: Using postgres connection "model.dbt_dataforge.dim_customers"
[0m11:18:40.549749 [debug] [Thread-3 (]: On model.dbt_dataforge.dim_customers: COMMIT
[0m11:18:40.549323 [debug] [Thread-1 (]: SQL status: ALTER TABLE in 0.001 seconds
[0m11:18:40.550658 [debug] [Thread-1 (]: Using postgres connection "model.dbt_dataforge.fct_field_orders"
[0m11:18:40.549616 [debug] [Thread-4 (]: SQL status: ALTER TABLE in 0.001 seconds
[0m11:18:40.551588 [debug] [Thread-4 (]: On model.dbt_dataforge.dim_locations: COMMIT
[0m11:18:40.551726 [debug] [Thread-4 (]: Using postgres connection "model.dbt_dataforge.dim_locations"
[0m11:18:40.551857 [debug] [Thread-4 (]: On model.dbt_dataforge.dim_locations: COMMIT
[0m11:18:40.550965 [debug] [Thread-3 (]: SQL status: COMMIT in 0.001 seconds
[0m11:18:40.550830 [debug] [Thread-1 (]: On model.dbt_dataforge.fct_field_orders: /* {"app": "dbt", "dbt_version": "1.12.3", "profile_name": "dbt_dataforge", "target_name": "dev", "node_id": "model.dbt_dataforge.fct_field_orders"} */
alter table "dataforge_dw"."gold"."fct_field_orders__dbt_tmp" rename to "fct_field_orders"
[0m11:18:40.552609 [debug] [Thread-3 (]: Applying DROP to: "dataforge_dw"."gold"."dim_customers__dbt_backup"
[0m11:18:40.554081 [debug] [Thread-3 (]: Using postgres connection "model.dbt_dataforge.dim_customers"
[0m11:18:40.552757 [debug] [Thread-4 (]: SQL status: COMMIT in 0.001 seconds
[0m11:18:40.555195 [debug] [Thread-4 (]: Applying DROP to: "dataforge_dw"."gold"."dim_locations__dbt_backup"
[0m11:18:40.555482 [debug] [Thread-4 (]: Using postgres connection "model.dbt_dataforge.dim_locations"
[0m11:18:40.554239 [debug] [Thread-1 (]: SQL status: ALTER TABLE in 0.001 seconds
[0m11:18:40.554381 [debug] [Thread-3 (]: On model.dbt_dataforge.dim_customers: /* {"app": "dbt", "dbt_version": "1.12.3", "profile_name": "dbt_dataforge", "target_name": "dev", "node_id": "model.dbt_dataforge.dim_customers"} */
drop table if exists "dataforge_dw"."gold"."dim_customers__dbt_backup" cascade
[0m11:18:40.555622 [debug] [Thread-4 (]: On model.dbt_dataforge.dim_locations: /* {"app": "dbt", "dbt_version": "1.12.3", "profile_name": "dbt_dataforge", "target_name": "dev", "node_id": "model.dbt_dataforge.dim_locations"} */
drop table if exists "dataforge_dw"."gold"."dim_locations__dbt_backup" cascade
[0m11:18:40.556268 [debug] [Thread-1 (]: On model.dbt_dataforge.fct_field_orders: COMMIT
[0m11:18:40.556459 [debug] [Thread-1 (]: Using postgres connection "model.dbt_dataforge.fct_field_orders"
[0m11:18:40.556596 [debug] [Thread-1 (]: On model.dbt_dataforge.fct_field_orders: COMMIT
[0m11:18:40.557134 [debug] [Thread-1 (]: SQL status: COMMIT in 0.000 seconds
[0m11:18:40.557773 [debug] [Thread-1 (]: Applying DROP to: "dataforge_dw"."gold"."fct_field_orders__dbt_backup"
[0m11:18:40.558367 [debug] [Thread-1 (]: Using postgres connection "model.dbt_dataforge.fct_field_orders"
[0m11:18:40.558518 [debug] [Thread-1 (]: On model.dbt_dataforge.fct_field_orders: /* {"app": "dbt", "dbt_version": "1.12.3", "profile_name": "dbt_dataforge", "target_name": "dev", "node_id": "model.dbt_dataforge.fct_field_orders"} */
drop table if exists "dataforge_dw"."gold"."fct_field_orders__dbt_backup" cascade
[0m11:18:40.557925 [debug] [Thread-3 (]: SQL status: DROP TABLE in 0.001 seconds
[0m11:18:40.559175 [debug] [Thread-3 (]: On model.dbt_dataforge.dim_customers: Close
[0m11:18:40.558063 [debug] [Thread-4 (]: SQL status: DROP TABLE in 0.002 seconds
[0m11:18:40.559880 [debug] [Thread-4 (]: On model.dbt_dataforge.dim_locations: Close
[0m11:18:40.560356 [debug] [Thread-3 (]: Sending event: {'category': 'dbt', 'action': 'run_model', 'label': '6d649855-4b65-4dd1-bdc6-a977f1a0f33c', 'context': [<snowplow_tracker.self_describing_json.SelfDescribingJson object at 0x10de2bb10>]}
[0m11:18:40.560582 [debug] [Thread-4 (]: Sending event: {'category': 'dbt', 'action': 'run_model', 'label': '6d649855-4b65-4dd1-bdc6-a977f1a0f33c', 'context': [<snowplow_tracker.self_describing_json.SelfDescribingJson object at 0x10df31eb0>]}
[0m11:18:40.560905 [info ] [Thread-3 (]: 3 of 5 OK created sql table model gold.dim_customers ........................... [[32mSELECT 70[0m in 0.05s]
[0m11:18:40.560049 [debug] [Thread-1 (]: SQL status: DROP TABLE in 0.001 seconds
[0m11:18:40.562049 [debug] [Thread-1 (]: On model.dbt_dataforge.fct_field_orders: Close
[0m11:18:40.561171 [info ] [Thread-4 (]: 4 of 5 OK created sql table model gold.dim_locations ........................... [[32mSELECT 70[0m in 0.06s]
[0m11:18:40.562319 [debug] [Thread-4 (]: Finished running node model.dbt_dataforge.dim_locations
[0m11:18:40.561494 [debug] [Thread-3 (]: Finished running node model.dbt_dataforge.dim_customers
[0m11:18:40.562582 [debug] [Thread-1 (]: Sending event: {'category': 'dbt', 'action': 'run_model', 'label': '6d649855-4b65-4dd1-bdc6-a977f1a0f33c', 'context': [<snowplow_tracker.self_describing_json.SelfDescribingJson object at 0x10dbbb2a0>]}
[0m11:18:40.562899 [info ] [Thread-1 (]: 5 of 5 OK created sql table model gold.fct_field_orders ........................ [[32mSELECT 70[0m in 0.05s]
[0m11:18:40.563122 [debug] [Thread-1 (]: Finished running node model.dbt_dataforge.fct_field_orders
[0m11:18:40.563699 [debug] [MainThread]: On master: COMMIT
[0m11:18:40.563822 [debug] [MainThread]: Using postgres connection "master"
[0m11:18:40.563926 [debug] [MainThread]: On master: COMMIT
[0m11:18:40.564026 [debug] [MainThread]: Opening a new connection, currently in state closed
[0m11:18:40.570099 [debug] [MainThread]: SQL status: COMMIT in 0.006 seconds
[0m11:18:40.570241 [debug] [MainThread]: On master: Close
[0m11:18:40.570420 [debug] [MainThread]: Connection 'master' was properly closed.
[0m11:18:40.570532 [debug] [MainThread]: Connection 'model.dbt_dataforge.fct_field_orders' was properly closed.
[0m11:18:40.570637 [debug] [MainThread]: Connection 'model.dbt_dataforge.stg_field_orders' was properly closed.
[0m11:18:40.570734 [debug] [MainThread]: Connection 'model.dbt_dataforge.dim_locations' was properly closed.
[0m11:18:40.570831 [debug] [MainThread]: Connection 'model.dbt_dataforge.dim_customers' was properly closed.
[0m11:18:40.570973 [info ] [MainThread]: 
[0m11:18:40.571099 [info ] [MainThread]: Finished running 3 table models, 2 view models in 0 hours 0 minutes and 0.25 seconds (0.25s).
[0m11:18:40.571630 [debug] [MainThread]: Command end result
[0m11:18:40.588117 [debug] [MainThread]: Wrote artifact WritableManifest to /Users/guilhermemiguel/Documents/Projetos_Treinamento/projeto-dataforge/dbt_dataforge/target/manifest.json
[0m11:18:40.589619 [debug] [MainThread]: Wrote artifact SemanticManifest to /Users/guilhermemiguel/Documents/Projetos_Treinamento/projeto-dataforge/dbt_dataforge/target/semantic_manifest.json
[0m11:18:40.591032 [debug] [MainThread]: Wrote artifact OsiDocument to /Users/guilhermemiguel/Documents/Projetos_Treinamento/projeto-dataforge/dbt_dataforge/target/osi_document.json
[0m11:18:40.594878 [debug] [MainThread]: Wrote artifact RunExecutionResult to /Users/guilhermemiguel/Documents/Projetos_Treinamento/projeto-dataforge/dbt_dataforge/target/run_results.json
[0m11:18:40.595030 [info ] [MainThread]: 
[0m11:18:40.595197 [info ] [MainThread]: [32mCompleted successfully[0m
[0m11:18:40.595325 [info ] [MainThread]: 
[0m11:18:40.595471 [info ] [MainThread]: Done. PASS=5 WARN=0 ERROR=0 SKIP=0 NO-OP=0 REUSED=0 TOTAL=5
[0m11:18:40.599276 [debug] [MainThread]: Resource report: {"command_name": "run", "command_success": true, "command_wall_clock_time": 0.6895921, "process_in_blocks": "0", "process_kernel_time": 0.233167, "process_mem_max_rss": "165724160", "process_out_blocks": "0", "process_user_time": 1.428742}
[0m11:18:40.599602 [debug] [MainThread]: Command `dbt run` succeeded at 11:18:40.599554 after 0.69 seconds
[0m11:18:40.599809 [debug] [MainThread]: Sending event: {'category': 'dbt', 'action': 'invocation', 'label': 'end', 'context': [<snowplow_tracker.self_describing_json.SelfDescribingJson object at 0x10b017bf0>, <snowplow_tracker.self_describing_json.SelfDescribingJson object at 0x10d9c6f90>, <snowplow_tracker.self_describing_json.SelfDescribingJson object at 0x10de65190>]}
[0m11:18:40.599993 [debug] [MainThread]: Flushing usage events
[0m11:18:41.238457 [debug] [MainThread]: An error was encountered while trying to flush usage events
[0m11:18:42.680167 [debug] [MainThread]: Sending event: {'category': 'dbt', 'action': 'invocation', 'label': 'start', 'context': [<snowplow_tracker.self_describing_json.SelfDescribingJson object at 0x109481e80>, <snowplow_tracker.self_describing_json.SelfDescribingJson object at 0x10ac6aad0>, <snowplow_tracker.self_describing_json.SelfDescribingJson object at 0x10ac6a850>]}


============================== 11:18:42.682543 | 7d67cf31-a5f3-4f9a-bb2a-d1449a912356 ==============================
[0m11:18:42.682543 [info ] [MainThread]: Running with dbt=1.12.3
[0m11:18:42.682825 [debug] [MainThread]: running dbt with arguments {'hints_enabled': 'True', 'warn_error_options': 'WarnErrorOptionsV2(error=[], warn=[], silence=[])', 'target_path': 'None', 'use_colors': 'True', 'send_anonymous_usage_stats': 'True', 'version_check': 'True', 'invocation_command': 'dbt test --profiles-dir .', 'no_print': 'None', 'log_path': '/Users/guilhermemiguel/Documents/Projetos_Treinamento/projeto-dataforge/dbt_dataforge/logs', 'profiles_dir': '.', 'printer_width': '80', 'cache_selected_only': 'False', 'debug': 'False', 'indirect_selection': 'eager', 'quiet': 'False', 'partial_parse': 'True', 'log_cache_events': 'False', 'introspect': 'True', 'static_parser': 'True', 'warn_error': 'None', 'log_format': 'default', 'fail_fast': 'False', 'use_experimental_parser': 'False', 'write_json': 'True', 'empty': 'None', 'maximum_seed_size_mib': '1'}
[0m11:18:42.776040 [debug] [MainThread]: Sending event: {'category': 'dbt', 'action': 'project_id', 'label': '7d67cf31-a5f3-4f9a-bb2a-d1449a912356', 'context': [<snowplow_tracker.self_describing_json.SelfDescribingJson object at 0x10abea8b0>]}
[0m11:18:42.806907 [debug] [MainThread]: Sending event: {'category': 'dbt', 'action': 'adapter_info', 'label': '7d67cf31-a5f3-4f9a-bb2a-d1449a912356', 'context': [<snowplow_tracker.self_describing_json.SelfDescribingJson object at 0x109e2b9b0>]}
[0m11:18:42.807551 [info ] [MainThread]: Registered adapter: postgres=1.11.0
[0m11:18:42.865156 [debug] [MainThread]: checksum: cde570ccdd9444cf5232fa71678728c598e2e34096a2d1a5ad46a5d547f48a01, vars: {}, profile: dbt_dataforge, target: dev, version: 1.12.3
[0m11:18:42.948119 [debug] [MainThread]: Partial parsing enabled: 0 files deleted, 0 files added, 0 files changed.
[0m11:18:42.948421 [debug] [MainThread]: Nothing changed, skipping partial parsing.
[0m11:18:42.948550 [debug] [MainThread]: Partial parsing enabled, no changes found, skipping parsing
[0m11:18:42.953656 [debug] [MainThread]: Sending event: {'category': 'dbt', 'action': 'load_project', 'label': '7d67cf31-a5f3-4f9a-bb2a-d1449a912356', 'context': [<snowplow_tracker.self_describing_json.SelfDescribingJson object at 0x10bd63650>]}
[0m11:18:43.023774 [debug] [MainThread]: Wrote artifact WritableManifest to /Users/guilhermemiguel/Documents/Projetos_Treinamento/projeto-dataforge/dbt_dataforge/target/manifest.json
[0m11:18:43.025815 [debug] [MainThread]: Wrote artifact SemanticManifest to /Users/guilhermemiguel/Documents/Projetos_Treinamento/projeto-dataforge/dbt_dataforge/target/semantic_manifest.json
[0m11:18:43.032710 [debug] [MainThread]: Wrote artifact OsiDocument to /Users/guilhermemiguel/Documents/Projetos_Treinamento/projeto-dataforge/dbt_dataforge/target/osi_document.json
[0m11:18:43.042922 [debug] [MainThread]: Sending event: {'category': 'dbt', 'action': 'resource_counts', 'label': '7d67cf31-a5f3-4f9a-bb2a-d1449a912356', 'context': [<snowplow_tracker.self_describing_json.SelfDescribingJson object at 0x10bf967b0>]}
[0m11:18:43.043171 [info ] [MainThread]: Found 5 models, 8 data tests, 2 sources, 477 macros
[0m11:18:43.043313 [debug] [MainThread]: Sending event: {'category': 'dbt', 'action': 'runnable_timing', 'label': '7d67cf31-a5f3-4f9a-bb2a-d1449a912356', 'context': [<snowplow_tracker.self_describing_json.SelfDescribingJson object at 0x10c0166d0>]}
[0m11:18:43.044388 [info ] [MainThread]: 
[0m11:18:43.044546 [info ] [MainThread]: Concurrency: 4 threads (target='dev')
[0m11:18:43.044658 [info ] [MainThread]: 
[0m11:18:43.044905 [debug] [MainThread]: Acquiring new postgres connection 'master'
[0m11:18:43.046899 [debug] [ThreadPool]: Acquiring new postgres connection 'list_dataforge_dw_gold'
[0m11:18:43.077000 [debug] [ThreadPool]: Using postgres connection "list_dataforge_dw_gold"
[0m11:18:43.077243 [debug] [ThreadPool]: On list_dataforge_dw_gold: /* {"app": "dbt", "dbt_version": "1.12.3", "profile_name": "dbt_dataforge", "target_name": "dev", "connection_name": "list_dataforge_dw_gold"} */
select
      'dataforge_dw' as database,
      tablename as name,
      schemaname as schema,
      'table' as type
    from pg_tables
    where schemaname ilike 'gold'
    union all
    select
      'dataforge_dw' as database,
      viewname as name,
      schemaname as schema,
      'view' as type
    from pg_views
    where schemaname ilike 'gold'
    union all
    select
      'dataforge_dw' as database,
      matviewname as name,
      schemaname as schema,
      'materialized_view' as type
    from pg_matviews
    where schemaname ilike 'gold'
    union all
    select distinct
     'dataforge_dw' as database,
     proname as name,
     ns.nspname as schema,
     'function' as type
    from pg_proc
     join pg_namespace as ns on pronamespace = ns.oid
    where ns.nspname ilike 'gold'
  
[0m11:18:43.077402 [debug] [ThreadPool]: Opening a new connection, currently in state init
[0m11:18:43.112601 [debug] [ThreadPool]: SQL status: SELECT 5 in 0.035 seconds
[0m11:18:43.113474 [debug] [ThreadPool]: On list_dataforge_dw_gold: ROLLBACK
[0m11:18:43.115941 [debug] [ThreadPool]: On list_dataforge_dw_gold: Close
[0m11:18:43.118877 [debug] [MainThread]: Using postgres connection "master"
[0m11:18:43.120011 [debug] [MainThread]: On master: /* {"app": "dbt", "dbt_version": "1.12.3", "profile_name": "dbt_dataforge", "target_name": "dev", "connection_name": "master"} */
select distinct
        dependent_namespace.nspname as dependent_schema,
        dependent_class.relname as dependent_name,
        referenced_namespace.nspname as referenced_schema,
        referenced_class.relname as referenced_name

    -- Query for views: views are entries in pg_class with an entry in pg_rewrite, but we avoid
    -- a seq scan on pg_rewrite by leveraging the fact there is an "internal" row in pg_depend for
    -- the view...
    from pg_class as dependent_class
    join pg_namespace as dependent_namespace on dependent_namespace.oid = dependent_class.relnamespace
    join pg_depend as dependent_depend on dependent_depend.refobjid = dependent_class.oid
        and dependent_depend.classid = 'pg_rewrite'::regclass
        and dependent_depend.refclassid = 'pg_class'::regclass
        and dependent_depend.deptype = 'i'

    -- ... and via pg_depend (that has a row per column, hence the need for "distinct" above, and
    -- making sure to exclude the internal row to avoid a view appearing to depend on itself)...
    join pg_depend as joining_depend on joining_depend.objid = dependent_depend.objid
        and joining_depend.classid = 'pg_rewrite'::regclass
        and joining_depend.refclassid = 'pg_class'::regclass
        and joining_depend.refobjid != dependent_depend.refobjid

    -- ... we can find the tables they query from in pg_class, but excluding system tables. Note we
    -- don't need need to exclude _dependent_ system tables, because they only query from other
    -- system tables, and so are automatically excluded by excluding _referenced_ system tables
    join pg_class as referenced_class on referenced_class.oid = joining_depend.refobjid
    join pg_namespace as referenced_namespace on referenced_namespace.oid = referenced_class.relnamespace
        and referenced_namespace.nspname != 'information_schema'
        and referenced_namespace.nspname not like 'pg\_%'

    order by
        dependent_schema, dependent_name, referenced_schema, referenced_name;
[0m11:18:43.120573 [debug] [MainThread]: Opening a new connection, currently in state init
[0m11:18:43.133441 [debug] [MainThread]: SQL status: SELECT 2 in 0.013 seconds
[0m11:18:43.134254 [debug] [MainThread]: Sending event: {'category': 'dbt', 'action': 'runnable_timing', 'label': '7d67cf31-a5f3-4f9a-bb2a-d1449a912356', 'context': [<snowplow_tracker.self_describing_json.SelfDescribingJson object at 0x10c28d8b0>]}
[0m11:18:43.134547 [debug] [MainThread]: On master: ROLLBACK
[0m11:18:43.135109 [debug] [MainThread]: On master: COMMIT
[0m11:18:43.135272 [debug] [MainThread]: Using postgres connection "master"
[0m11:18:43.135392 [debug] [MainThread]: On master: COMMIT
[0m11:18:43.136074 [debug] [MainThread]: SQL status: COMMIT in 0.001 seconds
[0m11:18:43.136196 [debug] [MainThread]: On master: Close
[0m11:18:43.137605 [debug] [Thread-1 (]: Began running node test.dbt_dataforge.not_null_dim_customers_sk_cliente.27c3b691a6
[0m11:18:43.137812 [info ] [Thread-1 (]: 1 of 8 START test not_null_dim_customers_sk_cliente ............................ [RUN]
[0m11:18:43.138365 [debug] [Thread-1 (]: Re-using an available connection from the pool (formerly list_dataforge_dw_gold, now test.dbt_dataforge.not_null_dim_customers_sk_cliente.27c3b691a6)
[0m11:18:43.138742 [debug] [Thread-1 (]: Began compiling node test.dbt_dataforge.not_null_dim_customers_sk_cliente.27c3b691a6
[0m11:18:43.138005 [debug] [Thread-4 (]: Began running node test.dbt_dataforge.not_null_fct_field_orders_valor_fatura.639e7f2b62
[0m11:18:43.138563 [debug] [Thread-2 (]: Began running node test.dbt_dataforge.not_null_dim_locations_sk_localizacao.109d519240
[0m11:18:43.138175 [debug] [Thread-3 (]: Began running node test.dbt_dataforge.not_null_fct_field_orders_numero_item_ordem.57d37fd8f9
[0m11:18:43.148452 [info ] [Thread-3 (]: 3 of 8 START test not_null_fct_field_orders_numero_item_ordem .................. [RUN]
[0m11:18:43.148671 [debug] [Thread-3 (]: Acquiring new postgres connection 'test.dbt_dataforge.not_null_fct_field_orders_numero_item_ordem.57d37fd8f9'
[0m11:18:43.148811 [debug] [Thread-3 (]: Began compiling node test.dbt_dataforge.not_null_fct_field_orders_numero_item_ordem.57d37fd8f9
[0m11:18:43.151842 [debug] [Thread-3 (]: Writing injected SQL for node "test.dbt_dataforge.not_null_fct_field_orders_numero_item_ordem.57d37fd8f9"
[0m11:18:43.148091 [info ] [Thread-4 (]: 4 of 8 START test not_null_fct_field_orders_valor_fatura ....................... [RUN]
[0m11:18:43.148284 [info ] [Thread-2 (]: 2 of 8 START test not_null_dim_locations_sk_localizacao ........................ [RUN]
[0m11:18:43.147879 [debug] [Thread-1 (]: Writing injected SQL for node "test.dbt_dataforge.not_null_dim_customers_sk_cliente.27c3b691a6"
[0m11:18:43.152160 [debug] [Thread-4 (]: Acquiring new postgres connection 'test.dbt_dataforge.not_null_fct_field_orders_valor_fatura.639e7f2b62'
[0m11:18:43.152597 [debug] [Thread-4 (]: Began compiling node test.dbt_dataforge.not_null_fct_field_orders_valor_fatura.639e7f2b62
[0m11:18:43.155323 [debug] [Thread-4 (]: Writing injected SQL for node "test.dbt_dataforge.not_null_fct_field_orders_valor_fatura.639e7f2b62"
[0m11:18:43.152383 [debug] [Thread-2 (]: Acquiring new postgres connection 'test.dbt_dataforge.not_null_dim_locations_sk_localizacao.109d519240'
[0m11:18:43.155551 [debug] [Thread-2 (]: Began compiling node test.dbt_dataforge.not_null_dim_locations_sk_localizacao.109d519240
[0m11:18:43.158711 [debug] [Thread-2 (]: Writing injected SQL for node "test.dbt_dataforge.not_null_dim_locations_sk_localizacao.109d519240"
[0m11:18:43.155723 [debug] [Thread-3 (]: Began executing node test.dbt_dataforge.not_null_fct_field_orders_numero_item_ordem.57d37fd8f9
[0m11:18:43.158887 [debug] [Thread-1 (]: Began executing node test.dbt_dataforge.not_null_dim_customers_sk_cliente.27c3b691a6
[0m11:18:43.165538 [debug] [Thread-4 (]: Began executing node test.dbt_dataforge.not_null_fct_field_orders_valor_fatura.639e7f2b62
[0m11:18:43.169010 [debug] [Thread-4 (]: Writing runtime sql for node "test.dbt_dataforge.not_null_fct_field_orders_valor_fatura.639e7f2b62"
[0m11:18:43.168338 [debug] [Thread-1 (]: Writing runtime sql for node "test.dbt_dataforge.not_null_dim_customers_sk_cliente.27c3b691a6"
[0m11:18:43.167540 [debug] [Thread-3 (]: Writing runtime sql for node "test.dbt_dataforge.not_null_fct_field_orders_numero_item_ordem.57d37fd8f9"
[0m11:18:43.169173 [debug] [Thread-2 (]: Began executing node test.dbt_dataforge.not_null_dim_locations_sk_localizacao.109d519240
[0m11:18:43.169994 [debug] [Thread-2 (]: Writing runtime sql for node "test.dbt_dataforge.not_null_dim_locations_sk_localizacao.109d519240"
[0m11:18:43.170299 [debug] [Thread-3 (]: Using postgres connection "test.dbt_dataforge.not_null_fct_field_orders_numero_item_ordem.57d37fd8f9"
[0m11:18:43.170929 [debug] [Thread-3 (]: On test.dbt_dataforge.not_null_fct_field_orders_numero_item_ordem.57d37fd8f9: /* {"app": "dbt", "dbt_version": "1.12.3", "profile_name": "dbt_dataforge", "target_name": "dev", "node_id": "test.dbt_dataforge.not_null_fct_field_orders_numero_item_ordem.57d37fd8f9"} */

    
    select
      count(*) as failures,
      count(*) != 0 as should_warn,
      count(*) != 0 as should_error
    from (
      
    
  
    
    



select numero_item_ordem
from "dataforge_dw"."gold"."fct_field_orders"
where numero_item_ordem is null



  
  
      
    ) dbt_internal_test
[0m11:18:43.171083 [debug] [Thread-3 (]: Opening a new connection, currently in state init
[0m11:18:43.170782 [debug] [Thread-1 (]: Using postgres connection "test.dbt_dataforge.not_null_dim_customers_sk_cliente.27c3b691a6"
[0m11:18:43.171290 [debug] [Thread-1 (]: On test.dbt_dataforge.not_null_dim_customers_sk_cliente.27c3b691a6: /* {"app": "dbt", "dbt_version": "1.12.3", "profile_name": "dbt_dataforge", "target_name": "dev", "node_id": "test.dbt_dataforge.not_null_dim_customers_sk_cliente.27c3b691a6"} */

    
    select
      count(*) as failures,
      count(*) != 0 as should_warn,
      count(*) != 0 as should_error
    from (
      
    
  
    
    



select sk_cliente
from "dataforge_dw"."gold"."dim_customers"
where sk_cliente is null



  
  
      
    ) dbt_internal_test
[0m11:18:43.171437 [debug] [Thread-1 (]: Opening a new connection, currently in state closed
[0m11:18:43.170466 [debug] [Thread-2 (]: Using postgres connection "test.dbt_dataforge.not_null_dim_locations_sk_localizacao.109d519240"
[0m11:18:43.171649 [debug] [Thread-2 (]: On test.dbt_dataforge.not_null_dim_locations_sk_localizacao.109d519240: /* {"app": "dbt", "dbt_version": "1.12.3", "profile_name": "dbt_dataforge", "target_name": "dev", "node_id": "test.dbt_dataforge.not_null_dim_locations_sk_localizacao.109d519240"} */

    
    select
      count(*) as failures,
      count(*) != 0 as should_warn,
      count(*) != 0 as should_error
    from (
      
    
  
    
    



select sk_localizacao
from "dataforge_dw"."gold"."dim_locations"
where sk_localizacao is null



  
  
      
    ) dbt_internal_test
[0m11:18:43.170629 [debug] [Thread-4 (]: Using postgres connection "test.dbt_dataforge.not_null_fct_field_orders_valor_fatura.639e7f2b62"
[0m11:18:43.171972 [debug] [Thread-4 (]: On test.dbt_dataforge.not_null_fct_field_orders_valor_fatura.639e7f2b62: /* {"app": "dbt", "dbt_version": "1.12.3", "profile_name": "dbt_dataforge", "target_name": "dev", "node_id": "test.dbt_dataforge.not_null_fct_field_orders_valor_fatura.639e7f2b62"} */

    
    select
      count(*) as failures,
      count(*) != 0 as should_warn,
      count(*) != 0 as should_error
    from (
      
    
  
    
    



select valor_fatura
from "dataforge_dw"."gold"."fct_field_orders"
where valor_fatura is null



  
  
      
    ) dbt_internal_test
[0m11:18:43.172116 [debug] [Thread-4 (]: Opening a new connection, currently in state init
[0m11:18:43.171817 [debug] [Thread-2 (]: Opening a new connection, currently in state init
[0m11:18:43.181852 [debug] [Thread-3 (]: SQL status: SELECT 1 in 0.011 seconds
[0m11:18:43.184366 [debug] [Thread-3 (]: On test.dbt_dataforge.not_null_fct_field_orders_numero_item_ordem.57d37fd8f9: ROLLBACK
[0m11:18:43.185349 [debug] [Thread-2 (]: SQL status: SELECT 1 in 0.013 seconds
[0m11:18:43.187559 [debug] [Thread-2 (]: On test.dbt_dataforge.not_null_dim_locations_sk_localizacao.109d519240: ROLLBACK
[0m11:18:43.187820 [debug] [Thread-4 (]: SQL status: SELECT 1 in 0.016 seconds
[0m11:18:43.188936 [debug] [Thread-4 (]: On test.dbt_dataforge.not_null_fct_field_orders_valor_fatura.639e7f2b62: ROLLBACK
[0m11:18:43.188205 [debug] [Thread-1 (]: SQL status: SELECT 1 in 0.017 seconds
[0m11:18:43.187983 [debug] [Thread-3 (]: On test.dbt_dataforge.not_null_fct_field_orders_numero_item_ordem.57d37fd8f9: Close
[0m11:18:43.189116 [debug] [Thread-2 (]: On test.dbt_dataforge.not_null_dim_locations_sk_localizacao.109d519240: Close
[0m11:18:43.190257 [info ] [Thread-3 (]: 3 of 8 PASS not_null_fct_field_orders_numero_item_ordem ........................ [[32mPASS[0m in 0.04s]
[0m11:18:43.190813 [debug] [Thread-3 (]: Finished running node test.dbt_dataforge.not_null_fct_field_orders_numero_item_ordem.57d37fd8f9
[0m11:18:43.190996 [debug] [Thread-3 (]: Began running node test.dbt_dataforge.relationships_fct_field_orders_sk_cliente__sk_cliente__ref_dim_customers_.841c5b59b7
[0m11:18:43.189729 [debug] [Thread-1 (]: On test.dbt_dataforge.not_null_dim_customers_sk_cliente.27c3b691a6: ROLLBACK
[0m11:18:43.189892 [debug] [Thread-4 (]: On test.dbt_dataforge.not_null_fct_field_orders_valor_fatura.639e7f2b62: Close
[0m11:18:43.190548 [info ] [Thread-2 (]: 2 of 8 PASS not_null_dim_locations_sk_localizacao .............................. [[32mPASS[0m in 0.04s]
[0m11:18:43.191745 [debug] [Thread-2 (]: Finished running node test.dbt_dataforge.not_null_dim_locations_sk_localizacao.109d519240
[0m11:18:43.191921 [debug] [Thread-2 (]: Began running node test.dbt_dataforge.unique_dim_customers_sk_cliente.3a06efd98c
[0m11:18:43.192074 [info ] [Thread-2 (]: 6 of 8 START test unique_dim_customers_sk_cliente .............................. [RUN]
[0m11:18:43.191192 [info ] [Thread-3 (]: 5 of 8 START test relationships_fct_field_orders_sk_cliente__sk_cliente__ref_dim_customers_  [RUN]
[0m11:18:43.192644 [debug] [Thread-3 (]: Re-using an available connection from the pool (formerly test.dbt_dataforge.not_null_fct_field_orders_numero_item_ordem.57d37fd8f9, now test.dbt_dataforge.relationships_fct_field_orders_sk_cliente__sk_cliente__ref_dim_customers_.841c5b59b7)
[0m11:18:43.191496 [info ] [Thread-4 (]: 4 of 8 PASS not_null_fct_field_orders_valor_fatura ............................. [[32mPASS[0m in 0.04s]
[0m11:18:43.193006 [debug] [Thread-4 (]: Finished running node test.dbt_dataforge.not_null_fct_field_orders_valor_fatura.639e7f2b62
[0m11:18:43.193172 [debug] [Thread-4 (]: Began running node test.dbt_dataforge.unique_dim_locations_sk_localizacao.d0ae98dfe6
[0m11:18:43.193321 [info ] [Thread-4 (]: 7 of 8 START test unique_dim_locations_sk_localizacao .......................... [RUN]
[0m11:18:43.193527 [debug] [Thread-4 (]: Re-using an available connection from the pool (formerly test.dbt_dataforge.not_null_fct_field_orders_valor_fatura.639e7f2b62, now test.dbt_dataforge.unique_dim_locations_sk_localizacao.d0ae98dfe6)
[0m11:18:43.192302 [debug] [Thread-1 (]: On test.dbt_dataforge.not_null_dim_customers_sk_cliente.27c3b691a6: Close
[0m11:18:43.192795 [debug] [Thread-3 (]: Began compiling node test.dbt_dataforge.relationships_fct_field_orders_sk_cliente__sk_cliente__ref_dim_customers_.841c5b59b7
[0m11:18:43.192478 [debug] [Thread-2 (]: Re-using an available connection from the pool (formerly test.dbt_dataforge.not_null_dim_locations_sk_localizacao.109d519240, now test.dbt_dataforge.unique_dim_customers_sk_cliente.3a06efd98c)
[0m11:18:43.193699 [debug] [Thread-4 (]: Began compiling node test.dbt_dataforge.unique_dim_locations_sk_localizacao.d0ae98dfe6
[0m11:18:43.200283 [info ] [Thread-1 (]: 1 of 8 PASS not_null_dim_customers_sk_cliente .................................. [[32mPASS[0m in 0.06s]
[0m11:18:43.202952 [debug] [Thread-3 (]: Writing injected SQL for node "test.dbt_dataforge.relationships_fct_field_orders_sk_cliente__sk_cliente__ref_dim_customers_.841c5b59b7"
[0m11:18:43.203166 [debug] [Thread-2 (]: Began compiling node test.dbt_dataforge.unique_dim_customers_sk_cliente.3a06efd98c
[0m11:18:43.210118 [debug] [Thread-2 (]: Writing injected SQL for node "test.dbt_dataforge.unique_dim_customers_sk_cliente.3a06efd98c"
[0m11:18:43.207384 [debug] [Thread-1 (]: Finished running node test.dbt_dataforge.not_null_dim_customers_sk_cliente.27c3b691a6
[0m11:18:43.207117 [debug] [Thread-4 (]: Writing injected SQL for node "test.dbt_dataforge.unique_dim_locations_sk_localizacao.d0ae98dfe6"
[0m11:18:43.210382 [debug] [Thread-1 (]: Began running node test.dbt_dataforge.unique_fct_field_orders_numero_item_ordem.19405eb0d7
[0m11:18:43.210755 [info ] [Thread-1 (]: 8 of 8 START test unique_fct_field_orders_numero_item_ordem .................... [RUN]
[0m11:18:43.210978 [debug] [Thread-1 (]: Re-using an available connection from the pool (formerly test.dbt_dataforge.not_null_dim_customers_sk_cliente.27c3b691a6, now test.dbt_dataforge.unique_fct_field_orders_numero_item_ordem.19405eb0d7)
[0m11:18:43.211634 [debug] [Thread-1 (]: Began compiling node test.dbt_dataforge.unique_fct_field_orders_numero_item_ordem.19405eb0d7
[0m11:18:43.214787 [debug] [Thread-1 (]: Writing injected SQL for node "test.dbt_dataforge.unique_fct_field_orders_numero_item_ordem.19405eb0d7"
[0m11:18:43.211495 [debug] [Thread-2 (]: Began executing node test.dbt_dataforge.unique_dim_customers_sk_cliente.3a06efd98c
[0m11:18:43.211176 [debug] [Thread-3 (]: Began executing node test.dbt_dataforge.relationships_fct_field_orders_sk_cliente__sk_cliente__ref_dim_customers_.841c5b59b7
[0m11:18:43.215218 [debug] [Thread-1 (]: Began executing node test.dbt_dataforge.unique_fct_field_orders_numero_item_ordem.19405eb0d7
[0m11:18:43.211348 [debug] [Thread-4 (]: Began executing node test.dbt_dataforge.unique_dim_locations_sk_localizacao.d0ae98dfe6
[0m11:18:43.219613 [debug] [Thread-2 (]: Writing runtime sql for node "test.dbt_dataforge.unique_dim_customers_sk_cliente.3a06efd98c"
[0m11:18:43.220517 [debug] [Thread-3 (]: Writing runtime sql for node "test.dbt_dataforge.relationships_fct_field_orders_sk_cliente__sk_cliente__ref_dim_customers_.841c5b59b7"
[0m11:18:43.221213 [debug] [Thread-1 (]: Writing runtime sql for node "test.dbt_dataforge.unique_fct_field_orders_numero_item_ordem.19405eb0d7"
[0m11:18:43.221828 [debug] [Thread-4 (]: Writing runtime sql for node "test.dbt_dataforge.unique_dim_locations_sk_localizacao.d0ae98dfe6"
[0m11:18:43.222293 [debug] [Thread-2 (]: Using postgres connection "test.dbt_dataforge.unique_dim_customers_sk_cliente.3a06efd98c"
[0m11:18:43.222945 [debug] [Thread-2 (]: On test.dbt_dataforge.unique_dim_customers_sk_cliente.3a06efd98c: /* {"app": "dbt", "dbt_version": "1.12.3", "profile_name": "dbt_dataforge", "target_name": "dev", "node_id": "test.dbt_dataforge.unique_dim_customers_sk_cliente.3a06efd98c"} */

    
    select
      count(*) as failures,
      count(*) != 0 as should_warn,
      count(*) != 0 as should_error
    from (
      
    
  
    
    

select
    sk_cliente as unique_field,
    count(*) as n_records

from "dataforge_dw"."gold"."dim_customers"
where sk_cliente is not null
group by sk_cliente
having count(*) > 1



  
  
      
    ) dbt_internal_test
[0m11:18:43.223104 [debug] [Thread-2 (]: Opening a new connection, currently in state closed
[0m11:18:43.222795 [debug] [Thread-1 (]: Using postgres connection "test.dbt_dataforge.unique_fct_field_orders_numero_item_ordem.19405eb0d7"
[0m11:18:43.223321 [debug] [Thread-1 (]: On test.dbt_dataforge.unique_fct_field_orders_numero_item_ordem.19405eb0d7: /* {"app": "dbt", "dbt_version": "1.12.3", "profile_name": "dbt_dataforge", "target_name": "dev", "node_id": "test.dbt_dataforge.unique_fct_field_orders_numero_item_ordem.19405eb0d7"} */

    
    select
      count(*) as failures,
      count(*) != 0 as should_warn,
      count(*) != 0 as should_error
    from (
      
    
  
    
    

select
    numero_item_ordem as unique_field,
    count(*) as n_records

from "dataforge_dw"."gold"."fct_field_orders"
where numero_item_ordem is not null
group by numero_item_ordem
having count(*) > 1



  
  
      
    ) dbt_internal_test
[0m11:18:43.223469 [debug] [Thread-1 (]: Opening a new connection, currently in state closed
[0m11:18:43.222472 [debug] [Thread-4 (]: Using postgres connection "test.dbt_dataforge.unique_dim_locations_sk_localizacao.d0ae98dfe6"
[0m11:18:43.223681 [debug] [Thread-4 (]: On test.dbt_dataforge.unique_dim_locations_sk_localizacao.d0ae98dfe6: /* {"app": "dbt", "dbt_version": "1.12.3", "profile_name": "dbt_dataforge", "target_name": "dev", "node_id": "test.dbt_dataforge.unique_dim_locations_sk_localizacao.d0ae98dfe6"} */

    
    select
      count(*) as failures,
      count(*) != 0 as should_warn,
      count(*) != 0 as should_error
    from (
      
    
  
    
    

select
    sk_localizacao as unique_field,
    count(*) as n_records

from "dataforge_dw"."gold"."dim_locations"
where sk_localizacao is not null
group by sk_localizacao
having count(*) > 1



  
  
      
    ) dbt_internal_test
[0m11:18:43.223860 [debug] [Thread-4 (]: Opening a new connection, currently in state closed
[0m11:18:43.222640 [debug] [Thread-3 (]: Using postgres connection "test.dbt_dataforge.relationships_fct_field_orders_sk_cliente__sk_cliente__ref_dim_customers_.841c5b59b7"
[0m11:18:43.224111 [debug] [Thread-3 (]: On test.dbt_dataforge.relationships_fct_field_orders_sk_cliente__sk_cliente__ref_dim_customers_.841c5b59b7: /* {"app": "dbt", "dbt_version": "1.12.3", "profile_name": "dbt_dataforge", "target_name": "dev", "node_id": "test.dbt_dataforge.relationships_fct_field_orders_sk_cliente__sk_cliente__ref_dim_customers_.841c5b59b7"} */

    
    select
      count(*) as failures,
      count(*) != 0 as should_warn,
      count(*) != 0 as should_error
    from (
      
    
  
    
    

with child as (
    select sk_cliente as from_field
    from "dataforge_dw"."gold"."fct_field_orders"
    where sk_cliente is not null
),

parent as (
    select sk_cliente as to_field
    from "dataforge_dw"."gold"."dim_customers"
)

select
    from_field

from child
left join parent
    on child.from_field = parent.to_field

where parent.to_field is null



  
  
      
    ) dbt_internal_test
[0m11:18:43.224291 [debug] [Thread-3 (]: Opening a new connection, currently in state closed
[0m11:18:43.235424 [debug] [Thread-1 (]: SQL status: SELECT 1 in 0.012 seconds
[0m11:18:43.236419 [debug] [Thread-1 (]: On test.dbt_dataforge.unique_fct_field_orders_numero_item_ordem.19405eb0d7: ROLLBACK
[0m11:18:43.235645 [debug] [Thread-2 (]: SQL status: SELECT 1 in 0.013 seconds
[0m11:18:43.237470 [debug] [Thread-2 (]: On test.dbt_dataforge.unique_dim_customers_sk_cliente.3a06efd98c: ROLLBACK
[0m11:18:43.236637 [debug] [Thread-3 (]: SQL status: SELECT 1 in 0.012 seconds
[0m11:18:43.238292 [debug] [Thread-3 (]: On test.dbt_dataforge.relationships_fct_field_orders_sk_cliente__sk_cliente__ref_dim_customers_.841c5b59b7: ROLLBACK
[0m11:18:43.236779 [debug] [Thread-4 (]: SQL status: SELECT 1 in 0.013 seconds
[0m11:18:43.239077 [debug] [Thread-4 (]: On test.dbt_dataforge.unique_dim_locations_sk_localizacao.d0ae98dfe6: ROLLBACK
[0m11:18:43.237631 [debug] [Thread-1 (]: On test.dbt_dataforge.unique_fct_field_orders_numero_item_ordem.19405eb0d7: Close
[0m11:18:43.238454 [debug] [Thread-2 (]: On test.dbt_dataforge.unique_dim_customers_sk_cliente.3a06efd98c: Close
[0m11:18:43.239754 [debug] [Thread-4 (]: On test.dbt_dataforge.unique_dim_locations_sk_localizacao.d0ae98dfe6: Close
[0m11:18:43.239546 [info ] [Thread-1 (]: 8 of 8 PASS unique_fct_field_orders_numero_item_ordem .......................... [[32mPASS[0m in 0.03s]
[0m11:18:43.240015 [debug] [Thread-1 (]: Finished running node test.dbt_dataforge.unique_fct_field_orders_numero_item_ordem.19405eb0d7
[0m11:18:43.240294 [info ] [Thread-2 (]: 6 of 8 PASS unique_dim_customers_sk_cliente .................................... [[32mPASS[0m in 0.05s]
[0m11:18:43.239226 [debug] [Thread-3 (]: On test.dbt_dataforge.relationships_fct_field_orders_sk_cliente__sk_cliente__ref_dim_customers_.841c5b59b7: Close
[0m11:18:43.240884 [info ] [Thread-3 (]: 5 of 8 PASS relationships_fct_field_orders_sk_cliente__sk_cliente__ref_dim_customers_  [[32mPASS[0m in 0.05s]
[0m11:18:43.241432 [debug] [Thread-3 (]: Finished running node test.dbt_dataforge.relationships_fct_field_orders_sk_cliente__sk_cliente__ref_dim_customers_.841c5b59b7
[0m11:18:43.240563 [debug] [Thread-2 (]: Finished running node test.dbt_dataforge.unique_dim_customers_sk_cliente.3a06efd98c
[0m11:18:43.241188 [info ] [Thread-4 (]: 7 of 8 PASS unique_dim_locations_sk_localizacao ................................ [[32mPASS[0m in 0.05s]
[0m11:18:43.241754 [debug] [Thread-4 (]: Finished running node test.dbt_dataforge.unique_dim_locations_sk_localizacao.d0ae98dfe6
[0m11:18:43.242376 [debug] [MainThread]: On master: COMMIT
[0m11:18:43.242514 [debug] [MainThread]: Using postgres connection "master"
[0m11:18:43.242619 [debug] [MainThread]: On master: COMMIT
[0m11:18:43.242713 [debug] [MainThread]: Opening a new connection, currently in state closed
[0m11:18:43.249484 [debug] [MainThread]: SQL status: COMMIT in 0.007 seconds
[0m11:18:43.249642 [debug] [MainThread]: On master: Close
[0m11:18:43.249831 [debug] [MainThread]: Connection 'master' was properly closed.
[0m11:18:43.249956 [debug] [MainThread]: Connection 'test.dbt_dataforge.unique_fct_field_orders_numero_item_ordem.19405eb0d7' was properly closed.
[0m11:18:43.250063 [debug] [MainThread]: Connection 'test.dbt_dataforge.relationships_fct_field_orders_sk_cliente__sk_cliente__ref_dim_customers_.841c5b59b7' was properly closed.
[0m11:18:43.250160 [debug] [MainThread]: Connection 'test.dbt_dataforge.unique_dim_locations_sk_localizacao.d0ae98dfe6' was properly closed.
[0m11:18:43.250251 [debug] [MainThread]: Connection 'test.dbt_dataforge.unique_dim_customers_sk_cliente.3a06efd98c' was properly closed.
[0m11:18:43.250383 [info ] [MainThread]: 
[0m11:18:43.250521 [info ] [MainThread]: Finished running 8 data tests in 0 hours 0 minutes and 0.21 seconds (0.21s).
[0m11:18:43.251197 [debug] [MainThread]: Command end result
[0m11:18:43.267373 [debug] [MainThread]: Wrote artifact WritableManifest to /Users/guilhermemiguel/Documents/Projetos_Treinamento/projeto-dataforge/dbt_dataforge/target/manifest.json
[0m11:18:43.268879 [debug] [MainThread]: Wrote artifact SemanticManifest to /Users/guilhermemiguel/Documents/Projetos_Treinamento/projeto-dataforge/dbt_dataforge/target/semantic_manifest.json
[0m11:18:43.270311 [debug] [MainThread]: Wrote artifact OsiDocument to /Users/guilhermemiguel/Documents/Projetos_Treinamento/projeto-dataforge/dbt_dataforge/target/osi_document.json
[0m11:18:43.274222 [debug] [MainThread]: Wrote artifact RunExecutionResult to /Users/guilhermemiguel/Documents/Projetos_Treinamento/projeto-dataforge/dbt_dataforge/target/run_results.json
[0m11:18:43.274369 [info ] [MainThread]: 
[0m11:18:43.274536 [info ] [MainThread]: [32mCompleted successfully[0m
[0m11:18:43.274658 [info ] [MainThread]: 
[0m11:18:43.274795 [info ] [MainThread]: Done. PASS=8 WARN=0 ERROR=0 SKIP=0 NO-OP=0 REUSED=0 TOTAL=8
[0m11:18:43.276611 [debug] [MainThread]: Resource report: {"command_name": "test", "command_success": true, "command_wall_clock_time": 0.64341384, "process_in_blocks": "0", "process_kernel_time": 0.234758, "process_mem_max_rss": "167067648", "process_out_blocks": "0", "process_user_time": 1.479394}
[0m11:18:43.276816 [debug] [MainThread]: Command `dbt test` succeeded at 11:18:43.276779 after 0.64 seconds
[0m11:18:43.276986 [debug] [MainThread]: Sending event: {'category': 'dbt', 'action': 'invocation', 'label': 'end', 'context': [<snowplow_tracker.self_describing_json.SelfDescribingJson object at 0x10c2a5d90>, <snowplow_tracker.self_describing_json.SelfDescribingJson object at 0x10c39e4c0>, <snowplow_tracker.self_describing_json.SelfDescribingJson object at 0x10c2b5de0>]}
[0m11:18:43.277131 [debug] [MainThread]: Flushing usage events
[0m11:18:43.694280 [debug] [MainThread]: An error was encountered while trying to flush usage events
